Date,Close,Open,High,Low,Dow_Jones
2024-12-13,44027,43977,44030,43919,0.11
2024-12-12,43977,44199,44272,43941,-0.55
2024-12-11,44222,44335,44442,44181,-0.25
2024-12-10,44335,44489,44553,44261,-0.32
2024-12-09,44479,44709,44809,44451,-0.51
2024-12-06,44706,44854,44984,44660,-0.36
2024-12-05,44867,45094,45154,44812,-0.53
2024-12-04,45106,44903,45176,44871,0.67
2024-12-03,44808,44891,44987,44680,-0.22
2024-12-02,44905,45048,45138,44820,-0.33
2024-11-29,45055,44846,45171,44820,0.51
2024-11-27,44828,44975,45121,44790,-0.27
2024-11-26,44951,44849,45002,44532,0.28
2024-11-25,44826,44499,44915,44490,0.97
2024-11-22,44395,43989,44452,43818,0.92
2024-11-21,43989,43567,44146,43383,1.09
2024-11-20,43516,43403,43590,43181,0.27
2024-11-19,43400,43540,43622,42991,-0.32
2024-11-18,43540,43581,43654,43398,-0.06
2024-11-15,43568,43901,43911,43478,-0.76
2024-11-14,43901,44131,44261,43816,-0.47
2024-11-13,44108,44071,44280,43897,0.08
2024-11-12,44074,44438,44556,44039,-0.83
2024-11-11,44441,44152,44625,44142,0.68
2024-11-08,44141,43941,44300,43854,0.53
2024-11-07,43910,43958,44020,43806,0.02
2024-11-06,43901,42440,43965,42416,3.59
2024-11-05,42381,42000,42460,41917,1.01
2024-11-04,41956,42150,42277,41791,-0.6
2024-11-01,42209,41971,42495,41893,0.62
2024-10-31,41947,42332,42357,41873,-0.98
2024-10-30,42363,42522,42660,42292,-0.2
2024-10-29,42447,42643,42697,42364,-0.37
2024-10-28,42606,42360,42690,42360,0.67
2024-10-25,42321,42615,42811,42245,-0.67
2024-10-24,42605,42678,42747,42410,-0.31
2024-10-23,42738,42998,43065,42512,-1
2024-10-22,43169,43193,43284,42946,-0.02
2024-10-21,43177,43541,43578,43111,-0.78
2024-10-18,43518,43488,43581,43286,0.02
2024-10-17,43511,43341,43550,43254,0.39
2024-10-16,43342,43009,43369,42937,0.76
2024-10-15,43015,43400,43445,42964,-0.8
2024-10-14,43363,43110,43421,42986,0.51
2024-10-11,43143,42752,43180,42666,0.93
2024-10-10,42746,42805,42850,42587,-0.16
2024-10-09,42813,42375,42864,42254,1.03
2024-10-08,42375,42260,42427,42091,0.31
2024-10-07,42245,42640,42704,42117,-0.94
2024-10-04,42646,42280,42667,42252,0.78
2024-10-03,42317,42549,42575,42142,-0.45
2024-10-02,42510,42456,42581,42285,0.07
2024-10-01,42479,42605,42656,42251,-0.38
2024-09-30,42643,42648,42715,42245,-0.03
2024-09-27,42656,42538,43005,42489,0.24
2024-09-26,42555,42276,42594,42231,0.66
2024-09-25,42276,42563,42679,42206,-0.75
2024-09-24,42597,42485,42656,42409,0.23
2024-09-23,42501,42475,42562,42321,0.14
2024-09-20,42443,42467,42537,42249,-0.01
2024-09-19,42447,41951,42583,41951,1.28
2024-09-18,41909,42050,42416,41850,-0.3
2024-09-17,42037,42041,42270,41893,-0.05
2024-09-16,42057,41838,42184,41795,0.55
2024-09-13,41825,41532,41966,41518,0.7
2024-09-12,41536,41257,41544,41092,0.59
2024-09-11,41292,41168,41329,40420,0.26
2024-09-10,41186,41269,41367,40848,-0.21
2024-09-09,41271,40716,41450,40716,1.17
2024-09-06,40792,41266,41452,40674,-1.03
2024-09-05,41217,41420,41557,40982,-0.55
2024-09-04,41444,41362,41640,41238,0.1
2024-09-03,41403,42015,42039,41271,-1.53
2024-08-30,42046,41875,42065,41650,0.51
2024-08-29,41831,41587,42070,41550,0.64
2024-08-28,41566,41714,41830,41322,-0.42
2024-08-27,41743,41659,41768,41595,0.05
2024-08-26,41722,41651,41900,41615,0.17
2024-08-23,41652,41257,41680,41257,1.07
2024-08-22,41213,41360,41533,41080,-0.42
2024-08-21,41386,41341,41465,41240,0.13
2024-08-20,41334,41400,41449,41279,-0.18
2024-08-19,41407,41214,41433,41149,0.56
2024-08-16,41175,41095,41217,40951,0.28
2024-08-15,41061,40525,41080,40491,1.42
2024-08-14,40486,40235,40556,40157,0.58
2024-08-13,40252,39908,40235,39783,1.04
2024-08-12,39836,39928,40070,39748,-0.4
2024-08-09,39997,39969,40120,39738,0.1
2024-08-08,39956,39174,40008,39090,1.78
2024-08-07,39257,39491,39938,39128,-0.6
2024-08-06,39492,39405,39893,39148,0.78
2024-08-05,39185,40066,40066,38900,-1.43
2024-08-03,39755,39755,39755,39755,-1.2
2024-08-02,40239,40772,40821,39904,-1.64
2024-08-01,40909,41567,41605,40683,-1.39
2024-07-31,41484,41217,41800,41190,0.28
2024-07-30,41368,41178,41494,41107,0.46
2024-07-29,41178,41300,41412,41053,0.8
2024-07-27,40852,40852,40852,40852,-0.93
2024-07-26,41235,40692,41380,40692,1.58
2024-07-25,40593,40612,41002,40514,0.2
2024-07-24,40510,40965,40965,40478,-1.23
2024-07-23,41014,41057,41180,40967,-0.18
2024-07-22,41089,41047,41107,40888,1.33
2024-07-20,40550,40550,40550,40550,-0.99
2024-07-19,40954,41374,41374,40871,-0.97
2024-07-18,41355,41976,42048,41324,-1.28
2024-07-17,41893,41665,41911,41511,0.62
2024-07-16,41634,40960,41668,40960,1.81
2024-07-15,40893,40745,41016,40745,1.41
2024-07-13,40325,40325,40325,40325,-0.88
2024-07-12,40684,40506,40948,40483,0.52
2024-07-11,40473,40385,40558,40361,0.1
2024-07-10,40432,39969,40444,39962,1.12
2024-07-09,39983,40095,40199,39890,-0.13
2024-07-08,40037,40003,40356,39991,-0.1
2024-07-05,40077,40068,40109,39898,0.14
2024-07-03,40022,40050,40135,39970,-0.12
2024-07-02,40069,39833,40008,39757,0.43
2024-07-01,39898,39885,40135,39817,0.95
2024-06-29,39524,39524,39524,39524,-0.82
2024-06-28,39850,39960,40200,39745,-0.22
2024-06-27,39939,39824,40021,39813,0.02
2024-06-26,39930,39906,39960,39690,0.06
2024-06-25,39908,40263,40270,39785,-0.8
2024-06-24,40229,39853,40371,39853,1.62
2024-06-22,39586,39586,39586,39586,-0.89
2024-06-21,39943,40027,40027,39928,0.04
2024-06-20,39928,39735,39976,39682,0.73
2024-06-18,39640,39605,39605,39605,0.12
2024-06-17,39592,39315,39648,39230,0.58
2024-06-14,39365,39429,39429,39252,1.78
2024-06-13,38677,38735,38770,38436,-0.19
2024-06-12,38752,38773,39193,38658,-0.11
2024-06-11,38794,38898,38932,38481,-0.35
2024-06-10,38929,38852,38945,38719,0.19
2024-06-07,38857,38955,39174,38716,-0.25
2024-06-06,38955,38884,39092,38808,0.18
2024-06-05,38884,38801,38937,38628,0.25
2024-06-04,38787,38666,38878,38425,0.34
2024-06-03,38656,38824,38919,38333,-0.35
2024-05-31,38791,38225,38858,38139,1.46
2024-05-30,38231,38268,38312,38111,-0.76
2024-05-29,38524,38920,38920,38221,-1.08
2024-05-28,38944,39163,39235,38787,-0.6
2024-05-27,39180,39120,39231,39095,0.16
2024-05-26,39119,39163,39169,39109,-0.1
2024-05-24,39157,39143,39315,39105,0.01
2024-05-23,39153,39730,39882,39114,-1.58
2024-05-22,39783,39992,40033,39668,-0.56
2024-05-21,40006,39946,40034,39907,0.16
2024-05-20,39944,40133,40213,39919,-0.47
2024-05-18,40134,40134,40134,40134,-0.01
2024-05-17,40137,39995,40147,39955,0.32
2024-05-16,40010,40016,40191,39979,-0.07
2024-05-15,40039,39680,40063,39652,0.91
2024-05-14,39677,39542,39736,39405,0.3
2024-05-13,39559,39620,39781,39519,-0.15
2024-05-11,39618,39618,39618,39618,-0.06
2024-05-10,39642,39562,39718,39531,0.27
2024-05-09,39536,39198,39592,39086,0.87
2024-05-08,39195,39016,39236,38936,0.43
2024-05-07,39027,38985,39127,38976,0.08
2024-05-06,38997,38920,39028,38834,0.33
2024-05-04,38869,38869,38869,38869,0.1
2024-05-03,38832,38642,38958,38584,1.17
2024-05-02,38382,38126,38643,38037,0.82
2024-05-01,38069,37923,38527,37866,0.2
2024-04-30,37993,38576,38576,37925,-1.47
2024-04-29,38559,38490,38593,38392,0.31
2024-04-26,38441,38343,38535,38242,0.4
2024-04-25,38288,38577,38637,37944,-1.01
2024-04-24,38680,38749,38801,38520,-0.12
2024-04-23,38726,38507,38789,38431,0.67
2024-04-22,38468,38271,38682,38208,0.68
2024-04-19,38208,38008,38344,37463,0.53
2024-04-18,38007,37987,38317,37900,0.04
2024-04-17,37990,38080,38257,37842,-0.15
2024-04-16,38046,37993,38284,37838,0.14
2024-04-15,37993,38150,38637,37911,-0.64
2024-04-12,38238,38756,38836,38132,-1.28
2024-04-11,38732,38716,38880,38472,-0.06
2024-04-10,38757,39220,39345,38590,-1.12
2024-04-09,39196,39248,39307,38873,-0.06
2024-04-08,39219,39280,39344,39117,-0.01
2024-04-05,39223,38921,39369,38864,0.79
2024-04-04,38916,39501,39759,38876,-1.43
2024-04-03,39482,39512,39634,39345,-0.07
2024-04-02,39508,39789,39805,39368,-0.97
2024-04-01,39894,40158,40358,39709,-0.7
2024-03-28,40176,40140,40240,40086,0.08
2024-03-27,40144,39754,40181,39742,1.17
2024-03-26,39680,39711,39822,39657,-0.05
2024-03-25,39699,39848,39853,39681,-0.42
2024-03-22,39868,40231,40267,39820,-0.84
2024-03-21,40206,39980,40316,39948,0.67
2024-03-20,39940,39545,39988,39425,1.01
2024-03-19,39539,39239,39556,39115,0.81
2024-03-18,39223,39139,39337,39089,1.37
2024-03-15,38691.18,38892,38994,38702,-0.57
2024-03-14,38913,39090,39244,38704,-0.39
2024-03-13,39067,39023,39227,38950,0.09
2024-03-12,39032,38821,39095,38653,0.61
2024-03-11,38797,38797,38822,38499,0.11
2024-03-08,38756,38847,39008,38630,-0.18
2024-03-07,38826,38706,38944,38548,0.31
2024-03-06,38706,38617,38901,38584,0.26
2024-03-05,38607,38995,38995,38478,-1.06
2024-03-04,39022,39114,39125,38906,-0.31
2024-03-01,39142,39019,39172,38892,0.25
2024-02-29,39043,38911,39123,38837,0.13
2024-02-28,38993,38988,39002,38789,-0.06
2024-02-27,39016,39097,39154,38911,-0.26
2024-02-26,39116,39187,39290,39070,-0.19
2024-02-23,39189,39102,39343,39087,0.17
2024-02-22,39123,38636,39214,38633,1.15
2024-02-21,38677,38677,38749,38400,0.09
2024-02-20,38642,38658,38747,38523,-0.14
2024-02-16,38697,38858,38909,38653,-0.41
2024-02-15,38858,38490,38866,38455,0.95
2024-02-14,38494,38337,38526,38255,0.42
2024-02-13,38333,38863,38897,38095,-1.42
2024-02-12,38884,38713,39012,38679,0.35
2024-02-09,38748,38795,38979,38645,-0.2
2024-02-08,38824,38789,38847,38627,0.13
2024-02-07,38774,38591,38843,38546,0.42
2024-02-06,38613,38451,38633,38367,0.38
2024-02-05,38466,38753,38797,38310,-0.77
2024-02-02,38765,38598,38892,38433,0.36
2024-02-01,38625,38288,38661,38212,0.9
2024-01-31,38280,38568,38720,38247,-0.86
2024-01-30,38612,38432,38644,38386,0.32
2024-01-29,38488,38209,38498,38157,0.6
2024-01-26,38258,38159,38374,38050,0.13
2024-01-25,38210,38056,38219,37911,0.61
2024-01-24,37979,38103,38253,37950,-0.29
2024-01-23,38089,38196,38209,37976,-0.29
2024-01-22,38199,38048,38302,38048,0.4
2024-01-19,38045,37645,38133,37597,1.02
2024-01-18,37659,37453,37708,37303,0.54
2024-01-17,37458,37541,37559,37315,-0.25
2024-01-16,37553,37737,37830,37388,-0.63
2024-01-12,37792,37900,38031,37651,-0.36
2024-01-11,37927,37921,38038,37627,-0.02
2024-01-10,37936,37743,37984,37698,0.46
2024-01-09,37763,37899,37902,37607,-0.45
2024-01-08,37933,37674,37946,37470,0.57
2024-01-05,37719,37751,37882,37504,0.01
2024-01-04,37715,37714,37985,37699,0.05
2024-01-03,37697,38001,38014,37664,-0.78
2024-01-02,37993,37982,38113,37758,-0.05
2023-12-29,38012,38028,38089,37841,-0.04
2023-12-28,38029,38010,38089,37925,0.06
2023-12-27,38006,37914,38026,37818,0.3
2023-12-26,37894,37694,37962,37693,0.41
2023-12-22,37740,37701,37878,37585,-0.04
2023-12-21,37756,37467,37765,37462,0.83
2023-12-20,37445,37918,38012,37390,-1.28
2023-12-19,37931,37662,37940,37637,0.67
2023-12-18,37678,37660,37772,37646,1.84
2023-12-15,36996.45,37252,37438,37202,-0.72
2023-12-14,37265,37123,37320,37056,0.41
2023-12-13,37111,36620,37153,36552,1.4
2023-12-12,36598,36433,36660,36390,0.44
2023-12-11,36438,36296,36453,36244,0.42
2023-12-09,36284,36284,36284,36284,0.01
2023-12-08,36280,36147,36335,36006,0.32
2023-12-07,36166,36112,36210,36021,0.15
2023-12-06,36112,36172,36352,36076,-0.21
2023-12-05,36189,36249,36249,36066,-0.22
2023-12-04,36268,36318,36332,36093,-0.16
2023-12-02,36327,36327,36327,36327,0.07
2023-12-01,36303,35986,36338,35963,0.81
2023-11-30,36010,35583,36027,35563,1.47
2023-11-29,35488,35447,35641,35447,0.12
2023-11-28,35445,35373,35548,35319,0.2
2023-11-27,35373,35428,35456,35315,-0.16
2023-11-24,35430,35312,35440,35281,0.22
2023-11-23,35351,35289,35389,35281,0.09
2023-11-22,35318,35141,35360,35119,0.48
2023-11-21,35148,35232,35247,35096,-0.22
2023-11-20,35225,34978,35292,34962,0.68
2023-11-18,34987,34987,34987,34987,-0.07
2023-11-17,35012,35051,35168,34944,-0.02
2023-11-16,35019,35045,35091,34879,-0.09
2023-11-15,35050,34924,35103,34898,0.47
2023-11-14,34887,34385,34984,34334,1.46
2023-11-13,34385,34299,34461,34203,0.14
2023-11-10,34338,33980,34373,33913,1.16
2023-11-09,33944,34159,34283,33915,-0.67
2023-11-08,34173,34232,34315,34052,-0.12
2023-11-07,34215,34132,34268,34031,0.15
2023-11-06,34164,34170,34230,34051,0.08
2023-11-03,34137,33889,34232,33885,0.66
2023-11-02,33914,33358,33934,33338,1.69
2023-11-01,33351,33087,33418,32990,0.65
2023-10-31,33135,33025,33220,32868,0.36
2023-10-30,33017,32542,33094,32506,1.58
2023-10-27,32504,32927,33008,32409,-1.13
2023-10-26,32876,33161,33204,32832,-0.83
2023-10-25,33150,33345,33389,33098,-0.36
2023-10-24,33269,33130,33420,33055,0.61
2023-10-23,33067,33299,33366,33013,-0.57
2023-10-20,33258,33530,33559,33220,-0.86
2023-10-19,33547,33828,33990,33492,-0.77
2023-10-18,33806,34120,34147,33738,-0.99
2023-10-17,34144,34173,34305,33966,0.03
2023-10-16,34134,33810,34254,33810,0.91
2023-10-13,33827,33786,34123,33707,0.09
2023-10-12,33796,34046,34153,33617,-0.58
2023-10-11,33992,33929,34078,33799,0.17
2023-10-10,33936,33800,34092,33776,0.4
2023-10-09,33801,33477,33834,33298,0.6
2023-10-06,33600,33291,33756,33032,0.89
2023-10-05,33304,33274,33367,33123,-0.07
2023-10-04,33326,33177,33357,33021,0.38
2023-10-03,33201,33633,33709,33117,-1.3
2023-10-02,33638,33892,33939,33435,-0.26
2023-09-29,33725,33939,34127,33623,-0.49
2023-09-28,33892,33864,34010,33693,0.3
2023-09-27,33791,33920,34012,33544,-0.25
2023-09-26,33875,34294,34294,33815,-1.16
2023-09-25,34273,34270,34358,34040,0.12
2023-09-22,34232,34330,34421,34211,-0.31
2023-09-21,34337,34732,34746,34301,-1.13
2023-09-20,34729,34815,35083,34718,-0.25
2023-09-19,34817,34942,34991,34606,-0.34
2023-09-18,34935,34930,35038,34848,0.06
2023-09-15,34914.63,34950,35035,34852,-0.03
2023-09-14,34924,34601,34990,34585,0.97
2023-09-13,34588,34669,34790,34517,-0.23
2023-09-12,34667,34673,34876,34556,-0.04
2023-09-11,34682,34627,34809,34581,0.22
2023-09-09,34607,34607,34607,34607,0
2023-09-08,34608,34543,34660,34443,0.23
2023-09-07,34528,34468,34585,34365,0.14
2023-09-06,34479,34685,34709,34317,-0.58
2023-09-05,34680,34869,34969,34673,-0.49
2023-09-04,34851,34869,34969,34790,-0.05
2023-09-03,34867,34868,34888,34847,-0.04
2023-09-01,34882,34807,35027,34761,0.26
2023-08-31,34791,35023,35177,34770,-0.47
2023-08-30,34956,34900,35090,34849,0.2
2023-08-29,34887,34606,34908,34525,0.85
2023-08-28,34594,34423,34692,34400,0.63
2023-08-25,34377,34149,34483,34062,0.69
2023-08-24,34140,34576,34737,34099,-1.11
2023-08-23,34522,34349,34593,34340,0.52
2023-08-22,34344,34501,34652,34307,-0.52
2023-08-21,34524,34565,34709,34308,-0.12
2023-08-18,34565,34526,34660,34328,0.08
2023-08-17,34536,34847,34953,34499,-0.82
2023-08-16,34821,35006,35190,34803,-0.53
2023-08-15,35007,35347,35413,34957,-1.03
2023-08-14,35371,35391,35456,35226,0.06
2023-08-11,35351,35265,35431,35115,0.28
2023-08-10,35251,35271,35660,35179,0.14
2023-08-09,35202,35376,35494,35131,-0.55
2023-08-08,35395,35563,35569,35076,-0.45
2023-08-07,35554,35150,35589,35140,1.16
2023-08-05,35145,35145,35145,35145,-0.02
2023-08-04,35153,35295,35602,35117,-0.45
2023-08-03,35312,35396,35494,35216,-0.26
2023-08-02,35403,35650,35728,35333,-0.99
2023-08-01,35757,35706,35810,35571,0.17
2023-07-31,35695,35598,35713,35511,0.29
2023-07-28,35592,35439,35708,35376,0.45
2023-07-27,35431,35635,35843,35346,-0.71
2023-07-26,35684,35573,35800,35470,0.22
2023-07-25,35604,35584,35693,35527,0.06
2023-07-24,35581,35397,35638,35351,0.55
2023-07-22,35385,35385,35385,35385,-0.04
2023-07-21,35398,35413,35516,35348,-0.01
2023-07-20,35401,35237,35549,35192,0.42
2023-07-19,35253,35120,35417,35110,0.32
2023-07-18,35142,34744,35173,34691,1.09
2023-07-17,34763,34647,34850,34580,0.25
2023-07-14,34678,34547,34788,34495,0.25
2023-07-13,34590,34570,34675,34543,0.12
2023-07-12,34550,34439,34792,34410,0.25
2023-07-11,34464,34151,34493,34060,0.93
2023-07-10,34146,33968,34169,33803,0.62
2023-07-07,33937,34107,34244,33918,-0.57
2023-07-06,34131,34488,34495,33967,-1.1
2023-07-05,34509,34628,34652,34435,-0.27
2023-07-04,34604,34624,34652,34584,-0.1
2023-07-03,34637,34619,34688,34510,-0.02
2023-06-30,34643,34325,34705,34313,0.84
2023-06-29,34353,34145,34388,34051,0.74
2023-06-28,34101,34169,34218,33993,-0.24
2023-06-27,34183,34002,34232,33901,0.62
2023-06-26,33971,33977,34072,33855,-0.02
2023-06-23,33977,34250,34250,33888,-0.68
2023-06-22,34210,34248,34274,34096,-0.07
2023-06-21,34235,34328,34387,34160,-0.35
2023-06-20,34356,34621,34649,34197,-0.44
2023-06-19,34507,34589,34612,34473,-0.24
2023-06-18,34591,34626,34627,34582,0.03
2023-06-16,34582.19,34395,34699,34370,0.47
2023-06-15,34420,33993,34496,33875,1.27
2023-06-14,33990,34221,34221,33793,-0.7
2023-06-13,34228,34093,34330,34010,0.43
2023-06-12,34083,33898,34096,33888,0.51
2023-06-09,33909,33843,34000,33741,0.13
2023-06-08,33865,33703,33908,33635,0.46
2023-06-07,33709,33611,33745,33542,0.27
2023-06-06,33617,33612,33677,33448,-0.01
2023-06-05,33619,33817,33894,33600,-0.59
2023-06-02,33817,33143,33863,33120,2.16
2023-06-01,33103,32910,33212,32737,0.38
2023-05-31,32979,33064,33076,32793,-0.33
2023-05-30,33089,33279,33330,32921,-0.23
2023-05-29,33166,33237,33266,33158,-0.23
2023-05-28,33242,33300,33300,33232,0.35
2023-05-26,33125,32792,33202,32724,0.97
2023-05-25,32806,32897,32914,32619,-0.15
2023-05-24,32854,33131,33184,32806,-0.84
2023-05-23,33132,33396,33479,33070,-0.68
2023-05-22,33360,33412,33587,33273,-0.41
2023-05-19,33496,33625,33731,33394,-0.36
2023-05-18,33618,33473,33651,33281,0.42
2023-05-17,33478,33094,33540,33062,1.26
2023-05-16,33060,33385,33397,33032,-1.01
2023-05-15,33398,33321,33506,33212,0.13
2023-05-12,33355,33367,33544,33163,-0.05
2023-05-11,33371,33594,33683,33180,-0.69
2023-05-10,33602,33630,33854,33297,-0.1
2023-05-09,33637,33684,33726,33539,-0.14
2023-05-08,33685,33753,33848,33566,-0.16
2023-05-05,33739,33190,33822,33173,1.64
2023-05-04,33196,33392,33562,33004,-0.88
2023-05-03,33492,33752,33917,33400,-0.83
2023-05-02,33772,34111,34188,33520,-1.11
2023-05-01,34152,34216,34363,34106,-0.14
2023-04-28,34200,33861,34236,33752,0.8
2023-04-27,33929,33444,33967,33421,1.51
2023-04-26,33424,33726,33762,33347,-0.68
2023-04-25,33652,34006,34007,33643,-1.03
2023-04-24,34001,33922,34024,33775,0.15
2023-04-21,33950,33899,33996,33809,0.12
2023-04-20,33909,34014,34033,33802,-0.36
2023-04-19,34033,34104,34105,33942,-0.27
2023-04-18,34124,34123,34287,33928,-0.01
2023-04-17,34129,34125,34148,33938,0.27
2023-04-14,34037,34130,34275,33877,-0.45
2023-04-13,34190,33788,34216,33747,1.11
2023-04-12,33813,33881,34119,33760,-0.12
2023-04-11,33852,33766,33953,33730,0.3
2023-04-10,33751,33699,33784,33508,0.27
2023-04-07,33659,33629,33774,33577,0
2023-04-06,33659,33634,33716,33486,0.01
2023-04-05,33656,33626,33720,33503,0.24
2023-04-04,33577,33766,33877,33455,-0.62
2023-04-03,33786,33441,33821,33436,0.97
2023-03-31,33460,33039,33549,33003,1.26
2023-03-30,33044,32894,33123,32863,0.43
2023-03-29,32903,32622,32924,32616,0.97
2023-03-28,32588,32667,32784,32486,-0.13
2023-03-27,32631,32486,32770,32418,0.61
2023-03-24,32434,32381,32485,31945,0.36
2023-03-23,32319,32296,32733,32054,0.19
2023-03-22,32258,32789,32994,32231,-1.57
2023-03-21,32774,32474,32830,32441,0.98
2023-03-20,32456,32142,32510,31657,1.09
2023-03-17,32106.3,32230,32351,31931,-0.44
2023-03-16,32249,31850,32283,31566,1.18
2023-03-15,31872,32160,32203,31428,-0.9
2023-03-14,32161,31909,32311,31805,1.04
2023-03-13,31830,32029,32366,31530,-0.28
2023-03-10,31918,32262,32434,31787,-1.06
2023-03-09,32259,32829,33002,32190,-1.69
2023-03-08,32813,32875,32939,32626,-0.16
2023-03-07,32864,33455,33512,32840,-1.75
2023-03-06,33451,33399,33590,33354,0.11
2023-03-03,33414,33004,33430,32953,1.2
2023-03-02,33018,32845,33107,32639,0.99
2023-03-01,32693,32652,32864,32527,0.03
2023-02-28,32682,32940,33021,32607,-0.69
2023-02-27,32909,32816,33211,32783,0.25
2023-02-24,32826,33139,33197,32648,-1.07
2023-02-23,33182,33097,33294,32816,0.31
2023-02-22,33079,33186,33273,32976,-0.25
2023-02-21,33162,33844,33875,33141,-1.8
2023-02-20,33770,33828,33875,33738,-0.17
2023-02-19,33827,33840,33856,33806,-0.12
2023-02-17,33866,33719,33889,33514,0.38
2023-02-16,33739,34169,34233,33709,-1.27
2023-02-15,34174,34086,34193,33871,0.16
2023-02-14,34121,34276,34551,33852,-0.43
2023-02-13,34268,33905,34289,33759,1.1
2023-02-10,33895,33760,33924,33543,0.48
2023-02-09,33734,34043,34287,33630,-0.77
2023-02-08,33995,34145,34212,33919,-0.62
2023-02-07,34206,33920,34283,33661,0.8
2023-02-06,33934,33886,34010,33685,-0.08
2023-02-03,33962,34048,34226,33821,-0.4
2023-02-02,34097,34126,34214,33857,-0.15
2023-02-01,34148,34132,34407,33624,-0.02
2023-01-31,34156,33819,34166,33579,1.1
2023-01-30,33785,34014,34123,33762,-0.77
2023-01-27,34046,33998,34241,33899,0.07
2023-01-26,34023,33813,34044,33701,0.59
2023-01-25,33823,33838,33866,33347,-0.01
2023-01-24,33826,33732,33906,33474,0.29
2023-01-23,33727,33471,33885,33402,0.76
2023-01-20,33474,33187,33482,33031,1.01
2023-01-19,33139,33368,33391,33067,-0.74
2023-01-18,33386,34006,34131,33365,-1.86
2023-01-17,34020,34436,34489,33970,-1.11
2023-01-16,34402,34404,34487,34303,0.01
2023-01-15,34398,34441,34446,34390,-0.05
2023-01-13,34416,34308,34464,34006,0.28
2023-01-12,34319,34119,34422,33850,0.61
2023-01-11,34110,33849,34125,33826,0.77
2023-01-10,33849,33674,33870,33489,0.53
2023-01-09,33670,33790,34080,33630,-0.3
2023-01-06,33772,33082,33863,33032,2.12
2023-01-05,33070,33380,33467,32943,-1.04
2023-01-04,33416,33238,33564,33171,0.41
2023-01-03,33278,33485,33643,32983,-0.28
2023-01-02,33373,33315,33516,33315,0.17
2023-01-01,33315,33315,33315,33315,0.09
2022-12-30,33285,33351,33370,32989,-0.27
2022-12-29,33375,33067,33458,32999,1
2022-12-28,33046,33427,33567,33026,-1.11
2022-12-27,33416,33399,33613,33236,-0.36
2022-12-26,33537,33457,33546,33451,0.55
2022-12-25,33352,33352,33352,33352,-0.07
2022-12-23,33375,33215,33411,32989,0.5
2022-12-22,33208,33639,33663,32750,-1.08
2022-12-21,33569,33148,33645,33141,1.56
2022-12-20,33053,32950,33204,32686,0.24
2022-12-19,32973,33105,33279,32792,0.02
2022-12-16,32966.46,33200,33270,32779,-0.74
2022-12-15,33212,34032,34088,33021,-2.3
2022-12-14,33993,34124,34420,33718,-0.41
2022-12-13,34133,33997,34984,33911,0.34
2022-12-12,34017,33487,34026,33433,1.55
2022-12-09,33498,33791,33960,33478,-0.9
2022-12-08,33803,33621,33931,33482,0.53
2022-12-07,33625,33638,33818,33462,-0.02
2022-12-06,33633,34007,34084,33452,-1.04
2022-12-05,33986,34440,34463,33883,-1.37
2022-12-02,34459,34403,34528,33935,0.09
2022-12-01,34429,34616,34707,34157,-0.49
2022-11-30,34599,33866,34647,33623,2.19
2022-11-29,33857,33872,33993,33668,-0.04
2022-11-28,33871,34300,34321,33805,-1.41
2022-11-25,34356,34255,34393,34206,0.27
2022-11-24,34265,34258,34302,34225,0.16
2022-11-23,34211,34134,34277,34015,0.25
2022-11-22,34126,33734,34138,33658,1.16
2022-11-21,33735,33762,33899,33585,-0.12
2022-11-18,33775,33581,33855,33469,0.58
2022-11-17,33581,33675,33732,33189,-0.03
2022-11-16,33591,33569,33733,33471,-0.04
2022-11-15,33605,33628,34026,33324,0.13
2022-11-14,33561,33645,33981,33550,-0.6
2022-11-11,33763,33796,33982,33409,0.15
2022-11-10,33712,32535,33800,32450,3.64
2022-11-09,32527,33113,33225,32487,-1.95
2022-11-08,33175,32814,33366,32766,1.03
2022-11-07,32838,32272,32904,32113,1.26
2022-11-04,32428,31995,32632,31870,1.28
2022-11-03,32017,32186,32273,31738,-0.5
2022-11-02,32178,32657,33106,32121,-1.55
2022-11-01,32685,32769,33026,32510,-0.27
2022-10-31,32775,32920,32941,32617,-0.37
2022-10-28,32896,32043,33002,31884,2.56
2022-10-27,32074,31951,32421,31871,0.63
2022-10-26,31872,31826,32211,31744,-0.02
2022-10-25,31877,31509,31917,31346,1.05
2022-10-24,31545,31190,31640,30922,1.36
2022-10-21,31123,30409,31197,30102,2.54
2022-10-20,30353,30525,30857,30287,-0.35
2022-10-19,30460,30711,30818,30254,-0.38
2022-10-18,30576,30333,30877,30333,1.14
2022-10-17,30230,29658,30361,29640,1.76
2022-10-14,29708,30091,30480,29650,-1.27
2022-10-13,30091,29312,30215,28671,2.84
2022-10-12,29261,29316,29526,29177,-0.02
2022-10-11,29266,29262,29659,28946,0.02
2022-10-10,29260,29278,29539,29055,-0.32
2022-10-07,29353,29944,30111,29188,-2.1
2022-10-06,29982,30323,30484,29904,-1.08
2022-10-05,30310,30356,30513,29933,-0.18
2022-10-04,30365,29583,30399,29500,2.8
2022-10-03,29538,28767,29702,28635,2.56
2022-09-30,28801,29264,29549,28767,-1.65
2022-09-29,29285,29754,29783,29047,-1.56
2022-09-28,29750,29250,29883,28886,1.87
2022-09-27,29203,29339,29729,29019,-0.48
2022-09-26,29343,29645,29736,29227,-1.1
2022-09-23,29669,30216,30240,29315,-1.59
2022-09-22,30149,30228,30494,30048,-0.44
2022-09-21,30282,30836,31132,30202,-1.69
2022-09-20,30801,31145,31256,30558,-1.02
2022-09-19,31117,30948,31183,30590,1.54
2022-09-16,30645.2,30834,30855,30535,-1.06
2022-09-15,30974,31190,31281,30882,-0.56
2022-09-14,31149,31159,31285,30892,0.15
2022-09-13,31103,32434,32667,31020,-3.96
2022-09-12,32386,32210,32505,32137,0.69
2022-09-09,32164,31807,32233,31769,1.25
2022-09-08,31766,31574,31809,31303,0.6
2022-09-07,31577,31153,31644,30975,1.32
2022-09-06,31166,31345,31592,31042,-0.88
2022-09-05,31444,31385,31484,31318,0.18
2022-09-04,31387,31359,31392,31277,0.24
2022-09-02,31312,31646,32029,31182,-1.11
2022-09-01,31663,31555,31678,31221,0.42
2022-08-31,31532,31792,32002,31501,-0.76
2022-08-30,31775,32105,32347,31616,-0.94
2022-08-29,32075,32040,32301,31926,-0.58
2022-08-26,32263,33236,33444,32156,-3.04
2022-08-25,33273,32955,33290,32872,0.96
2022-08-24,32958,32901,33084,32753,0.17
2022-08-23,32901,33103,33177,32844,-0.47
2022-08-22,33056,33620,33654,33001,-1.93
2022-08-19,33706,34003,34009,33616,-0.81
2022-08-18,33981,33994,34056,33823,0.05
2022-08-17,33963,34127,34177,33804,-0.45
2022-08-16,34118,33849,34246,33786,0.72
2022-08-15,33873,33708,33924,33485,0.46
2022-08-12,33718,33360,33728,33295,1.24
2022-08-11,33304,33299,33625,33255,0.13
2022-08-10,33260,32768,33331,32678,1.6
2022-08-09,32737,32857,32881,32662,-0.17
2022-08-08,32792,32750,33065,32665,0.11
2022-08-05,32757,32688,32786,32431,0.23
2022-08-04,32681,32746,32866,32601,-0.27
2022-08-03,32770,32420,32873,32342,1.25
2022-08-02,32365,32766,32781,32350,-1.23
2022-08-01,32767,32827,32938,32602,-0.18
2022-07-29,32825,32567,32887,32458,1.03
2022-07-28,32490,32144,32609,31944,0.99
2022-07-27,32172,31762,32315,31761,1.39
2022-07-26,31732,31840,31916,31665,-0.74
2022-07-25,31967,31872,32065,31773,0.29
2022-07-22,31875,31982,32193,31704,-0.41
2022-07-21,32007,31791,32032,31504,0.48
2022-07-20,31853,31809,31980,31621,0.2
2022-07-19,31791,31064,31844,31031,2.4
2022-07-18,31047,31298,31614,30947,-0.64
2022-07-15,31247,30633,31264,30495,2.1
2022-07-14,30604,30700,30774,30109,-0.5
2022-07-13,30758,30968,31309,30475,-0.67
2022-07-12,30966,31177,31328,30828,-0.56
2022-07-11,31140,31323,31344,31040,-0.54
2022-07-08,31310,31309,31490,31187,-0.18
2022-07-07,31367,31054,31404,30898,1.14
2022-07-06,31013,30958,31206,30739,0.25
2022-07-05,30936,31051,31220,30331,-0.76
2022-07-04,31174,30924,31210,30808,0.78
2022-07-03,30933,31043,31051,30919,-0.41
2022-07-01,31061,30720,31116,30422,0.91
2022-06-30,30781,31021,31034,30406,-0.7
2022-06-29,30999,30966,31142,30861,0.21
2022-06-28,30933,31464,31867,30905,-1.55
2022-06-27,31421,31466,31695,31331,-0.21
2022-06-24,31487,30568,31508,30538,2.66
2022-06-23,30672,30478,30698,30247,0.66
2022-06-22,30471,30524,30770,30003,-0.18
2022-06-21,30525,29930,30646,29741,1.23
2022-06-20,30154,30038,30216,29744,0.38
2022-06-19,30039,29928,30050,29919,0.78
2022-06-17,29806.19,30021,30214,29800,-0.41
2022-06-16,29928,30727,30943,29741,-2.39
2022-06-15,30661,30383,31008,30172,0.94
2022-06-14,30375,30531,30874,30137,-0.5
2022-06-13,30527,31254,31293,30355,-2.74
2022-06-10,31388,32319,32346,31368,-2.71
2022-06-09,32263,32909,33110,32252,-1.9
2022-06-08,32889,33107,33169,32806,-0.83
2022-06-07,33165,32903,33198,32603,0.77
2022-06-06,32912,32967,33229,32805,0.07
2022-06-03,32888,33250,33317,32824,-1.01
2022-06-02,33223,32763,33263,32491,1.3
2022-06-01,32798,33067,33254,32563,-0.52
2022-05-31,32971,33201,33434,32722,-0.82
2022-05-30,33245,33213,33434,33155,0.1
2022-05-29,33212,33209,33253,33168,0.16
2022-05-27,33158,32531,33239,32485,1.71
2022-05-26,32600,32074,32738,31996,1.63
2022-05-25,32076,31943,32215,31683,0.61
2022-05-24,31880,31782,31972,31315,0.13
2022-05-23,31839,31288,31925,31286,2.01
2022-05-20,31213,31209,31548,30585,0.04
2022-05-19,31202,31397,31524,30955,-0.76
2022-05-18,31440,32629,32651,31299,-3.5
2022-05-17,32581,32139,32692,32129,1.31
2022-05-16,32159,32148,32453,31867,0.22
2022-05-14,32087,32087,32087,32087,-0.1
2022-05-13,32120,31556,32201,31556,1.48
2022-05-12,31652,31803,31893,31148,-0.29
2022-05-11,31743,32048,32506,31715,-1.07
2022-05-10,32087,32206,32663,31805,-0.23
2022-05-09,32161,32624,32690,32037,-1.77
2022-05-07,32742,32742,32742,32742,-0.2
2022-05-06,32809,32933,32966,32376,-0.31
2022-05-05,32910,33926,34020,32589,-3.12
2022-05-04,33969,33041,34027,32925,2.83
2022-05-03,33033,32960,33254,32806,0.16
2022-05-02,32980,32988,33145,32358,0.3
2022-04-29,32882,33735,33903,32820,-2.8
2022-04-28,33828,33308,33968,33155,1.81
2022-04-27,33226,33163,33611,33015,0.2
2022-04-26,33160,33965,34038,33081,-2.37
2022-04-25,33965,33644,34021,33230,0.7
2022-04-22,33728,34696,34719,33594,-2.83
2022-04-21,34709,35125,35413,34635,-1.05
2022-04-20,35079,34785,35233,34728,0.68
2022-04-19,34841,34397,34897,34226,1.54
2022-04-18,34313,34369,34530,34179,-0.13
2022-04-14,34358,34463,34794,34340,-0.36
2022-04-13,34482,34178,34511,34052,1
2022-04-12,34139,34232,34582,34002,-0.23
2022-04-11,34219,34636,34668,34181,-1.14
2022-04-08,34613,34481,34820,34368,0.36
2022-04-07,34490,34370,34613,34093,0.26
2022-04-06,34399,34595,34608,34178,-0.44
2022-04-05,34550,34802,35015,34469,-0.8
2022-04-04,34829,34688,34849,34514,0.41
2022-04-02,34688,34688,34688,34688,-0.09
2022-04-01,34718,34702,34805,34437,0.29
2022-03-31,34618,35124,35215,34592,-1.42
2022-03-30,35117,35154,35257,34955,-0.21
2022-03-29,35190,34848,35281,34826,0.97
2022-03-28,34853,34762,34886,34445,0.27
2022-03-25,34759,34640,34841,34522,0.45
2022-03-24,34604,34252,34655,34214,1.03
2022-03-23,34250,34691,34792,34217,-1.32
2022-03-22,34709,34490,34775,34318,0.79
2022-03-21,34436,34670,34694,34228,-0.47
2022-03-20,34600,34704,34704,34593,0.54
2022-03-18,34413.66,34335,34484,34215,-0.14
2022-03-17,34461,34124,34491,33867,1.18
2022-03-16,34059,33510,34160,33388,1.57
2022-03-15,33532,32979,33618,32680,1.78
2022-03-14,32944,33012,33395,32815,0.06
2022-03-11,32925,33190,33691,32901,-0.68
2022-03-10,33152,33254,33294,32799,-0.34
2022-03-09,33265,32538,33441,32521,2.03
2022-03-08,32602,32716,33374,32305,-0.55
2022-03-07,32782,33451,33542,32689,-2.39
2022-03-04,33583,33772,33859,33210,-0.46
2022-03-03,33738,33805,34143,33597,-0.33
2022-03-02,33849,33318,33977,33121,1.75
2022-03-01,33267,33822,34065,33064,-1.69
2022-02-28,33840,33678,33914,33322,-0.45
2022-02-25,33994,33036,34034,32762,2.53
2022-02-24,33156,33052,33205,32167,0.27
2022-02-23,33066,33585,33824,33015,-1.37
2022-02-22,33525,33869,34349,33292,-0.1
2022-02-21,33557,33928,34348,33407,-1.09
2022-02-20,33928,33884,33954,33884,-0.23
2022-02-18,34007,34237,34500,33900,-0.65
2022-02-17,34231,34842,34910,34171,-1.78
2022-02-16,34851,34886,35060,34558,-0.15
2022-02-15,34904,34472,34968,34345,1.26
2022-02-14,34471,34665,34755,34205,-0.45
2022-02-11,34627,35128,35330,34511,-1.46
2022-02-10,35139,35717,35750,34990,-1.41
2022-02-09,35641,35382,35752,35370,0.85
2022-02-08,35342,35001,35426,34931,1.07
2022-02-07,34969,35002,35205,34806,-0.03
2022-02-04,34978,35113,35212,34668,0.02
2022-02-03,34971,35545,35569,34941,-1.47
2022-02-02,35492,35232,35590,35167,0.62
2022-02-01,35274,34915,35316,34833,0.79
2022-01-31,34997,34576,35026,34313,1.16
2022-01-28,34595,34240,34622,33613,1.62
2022-01-27,34043,34071,34658,33532,-0.04
2022-01-26,34055,33969,34699,33745,-0.38
2022-01-25,34185,34294,34472,33422,-0.2
2022-01-24,34253,34143,34410,33031,0.28
2022-01-21,34157,34556,34782,34100,-1.33
2022-01-20,34616,34953,35379,34407,-0.84
2022-01-19,34910,35301,35430,34883,-0.99
2022-01-18,35259,35856,35901,35135,-1.58
2022-01-17,35824,35844,35864,35774,0.04
2022-01-16,35809,35888,35901,35799,0.04
2022-01-14,35796,36002,36114,35515,-0.54
2022-01-13,35989,36179,36390,35921,-0.47
2022-01-12,36160,36131,36332,36040,0.09
2022-01-11,36128,35948,36153,35641,0.49
2022-01-10,35952,36121,36171,35521,-0.43
2022-01-07,36107,36173,36265,35988,-0.04
2022-01-06,36123,36309,36418,36074,-0.46
2022-01-05,36291,36656,36832,36279,-1.05
2022-01-04,36675,36432,36804,36409,0.6
2022-01-03,36455,36304,36472,36120,0.63
2021-12-31,36226,36296,36371,36121,-0.18
2021-12-30,36291,36394,36572,36255,-0.25
2021-12-29,36381,36278,36463,36250,0.27
2021-12-28,36282,36180,36408,36113,0.29
2021-12-27,36178,35831,36206,35759,0.97
2021-12-23,35832,35647,35946,35625,0.56
2021-12-22,35632,35405,35662,35286,0.71
2021-12-21,35381,34907,35413,34858,1.63
2021-12-20,34813,35253,35328,34547,-2.42
2021-12-17,35675.79,35958,35978,35650,-0.63
2021-12-16,35902,35936,36204,35778,-0.07
2021-12-15,35926,35551,35969,35389,1.05
2021-12-14,35552,35680,35785,35437,-0.26
2021-12-13,35645,35975,36123,35602,-0.9
2021-12-10,35967,35749,35992,35705,0.6
2021-12-09,35753,35745,35859,35567,0.02
2021-12-08,35746,35780,35926,35588,0.09
2021-12-07,35713,35251,35807,35196,1.42
2021-12-06,35212,34590,35344,34581,1.89
2021-12-04,34559,34559,34559,34559,-0.02
2021-12-03,34566,34715,34795,34247,-0.16
2021-12-02,34622,34050,34738,34018,1.82
2021-12-01,34002,34524,34986,33928,-1.32
2021-11-30,34457,35132,35234,34384,-1.77
2021-11-29,35077,34741,35246,34740,0.63
2021-11-26,34858,35778,35900,34626,-2.14
2021-11-25,35621,35725,35730,35610,-0.36
2021-11-24,35749,35762,35790,35532,-0.05
2021-11-23,35766,35620,35793,35370,0.55
2021-11-22,35571,35592,35880,35530,0.06
2021-11-19,35549,35826,35988,35486,-0.73
2021-11-18,35811,35841,35961,35593,-0.16
2021-11-17,35867,36074,36105,35822,-0.54
2021-11-16,36061,36023,36238,35946,0.14
2021-11-15,36009,36059,36178,35950,-0.01
2021-11-12,36013,35870,36062,35839,0.51
2021-11-11,35829,35982,36063,35823,-0.45
2021-11-10,35992,36166,36255,35911,-0.6
2021-11-09,36209,36289,36324,36066,-0.28
2021-11-08,36312,36132,36446,36123,0.27
2021-11-05,36215,35999,36375,35949,0.57
2021-11-04,36009,36027,36076,35865,-0.07
2021-11-03,36035,35921,36066,35771,0.27
2021-11-02,35938,35797,35971,35695,0.39
2021-11-01,35800,35796,35891,35683,0.27
2021-10-29,35704,35636,35746,35486,0.26
2021-10-28,35613,35423,35681,35388,0.63
2021-10-27,35389,35646,35715,35383,-0.72
2021-10-26,35644,35641,35777,35618,0.07
2021-10-25,35620,35499,35670,35451,0.18
2021-10-22,35557,35476,35645,35412,0.22
2021-10-21,35480,35448,35536,35308,0.01
2021-10-20,35477,35355,35541,35272,0.44
2021-10-19,35323,35121,35365,35067,0.54
2021-10-18,35133,35210,35227,34906,-0.11
2021-10-15,35171,34830,35198,34787,1.11
2021-10-14,34784,34248,34853,34248,1.54
2021-10-13,34257,34190,34343,33984,-0.01
2021-10-12,34260,34356,34486,34125,-0.34
2021-10-11,34376,34614,34829,34323,-0.72
2021-10-08,34626,34641,34750,34532,-0.03
2021-10-07,34638,34300,34854,34300,1.01
2021-10-06,34291,34208,34326,33718,0.32
2021-10-05,34183,33890,34364,33684,0.92
2021-10-04,33870,34230,34293,33681,-0.87
2021-10-01,34167,33752,34354,33383,1.32
2021-09-30,33722,34322,34554,33688,-1.58
2021-09-29,34265,34239,34451,34168,0.26
2021-09-28,34175,34733,34852,34121,-1.63
2021-09-27,34743,34696,34934,34652,0.2
2021-09-24,34674,34650,34734,34459,0.09
2021-09-23,34644,34153,34749,34148,1.51
2021-09-22,34129,33761,34319,33638,0.98
2021-09-21,33798,33806,34236,33712,-0.12
2021-09-20,33839,34400,34413,33478,-2.54
2021-09-18,34721,34370,34721,34370,0.07
2021-09-17,34696.8,34743,34838,34665,-0.15
2021-09-16,34749,34850,34942,34537,-0.2
2021-09-15,34819,34596,34885,34499,0.68
2021-09-14,34583,34916,35021,34507,-0.82
2021-09-13,34870,34647,34935,34601,0.65
2021-09-11,34645,34645,34645,34645,0.11
2021-09-10,34607,34872,35113,34598,-0.75
2021-09-09,34870,35009,35192,34776,-0.41
2021-09-08,35012,35067,35161,34885,-0.23
2021-09-07,35091,35352,35476,35038,-0.85
2021-09-06,35391,35301,35474,35263,0.26
2021-09-05,35298,35341,35353,35295,-0.12
2021-09-04,35341,35341,35341,35341,-0.03
2021-09-03,35353,35425,35504,35248,-0.2
2021-09-02,35424,35295,35463,35219,0.38
2021-09-01,35290,35382,35494,35269,-0.14
2021-08-31,35340,35395,35492,35258,-0.03
2021-08-30,35352,35418,35464,35329,-0.16
2021-08-28,35410,35410,35410,35410,0.02
2021-08-27,35403,35182,35428,35114,0.69
2021-08-26,35160,35384,35441,35146,-0.57
2021-08-25,35360,35326,35445,35229,0.13
2021-08-24,35314,35328,35403,35293,0.09
2021-08-23,35281,35031,35373,35016,0.62
2021-08-21,35065,35065,35065,35065,0.02
2021-08-20,35058,34847,35120,34569,0.69
2021-08-19,34818,34860,34934,34494,-0.2
2021-08-18,34887,35212,35286,34790,-1.06
2021-08-17,35259,35508,35516,35034,-0.77
2021-08-16,35534,35383,35547,35146,0.38
2021-08-14,35400,35400,35400,35400,-0.06
2021-08-13,35420,35429,35519,35381,0.05
2021-08-12,35402,35381,35438,35255,0.08
2021-08-11,35372,35164,35394,35106,0.62
2021-08-10,35155,35016,35176,34924,0.45
2021-08-09,34998,35100,35105,34940,-0.27
2021-08-06,35091,34922,35137,34883,0.42
2021-08-05,34943,34716,34949,34667,0.73
2021-08-04,34690,34960,35000,34674,-0.88
2021-08-03,34998,34765,35009,34602,0.8
2021-08-02,34721,34872,35082,34694,-0.42
2021-07-31,34867,34867,34867,34867,0.1
2021-07-30,34832,34978,34997,34756,-0.41
2021-07-29,34974,34867,35061,34774,0.4
2021-07-28,34834,34844,35018,34764,-0.34
2021-07-27,34953,35039,35040,34762,-0.23
2021-07-26,35034,34944,35072,34652,0.24
2021-07-23,34951,34768,34993,34739,0.7
2021-07-22,34709,34733,34789,34557,0.06
2021-07-21,34689,34427,34739,34361,0.84
2021-07-20,34400,33918,34502,33843,1.66
2021-07-19,33839,34555,34579,33623,-2.1
2021-07-16,34564,34838,34975,34524,-0.86
2021-07-15,34864,34798,34878,34593,0.14
2021-07-14,34816,34779,34946,34667,0.12
2021-07-13,34776,34890,34915,34747,-0.28
2021-07-12,34875,34765,34904,34548,0.36
2021-07-09,34751,34290,34784,34140,1.33
2021-07-08,34294,34583,34592,34004,-0.79
2021-07-07,34568,34394,34595,34321,0.31
2021-07-06,34460,34676,34755,34241,-0.76
2021-07-05,34725.5,34643,34746.5,34588,0.24
2021-07-04,34642,34660,34672.5,34635.5,-0.1
2021-07-02,34677,34510,34714,34491,0.47
2021-07-01,34514,34448,34551,34377,0.33
2021-06-30,34399,34185,34450,34006,0.67
2021-06-29,34170,34188,34363,34112,0.02
2021-06-28,34164,34398,34411,34067,-0.49
2021-06-25,34333,34193,34386,34133,0.74
2021-06-24,34082,33792,34177,33773,0.96
2021-06-23,33759,33864,33962,33752,-0.22
2021-06-22,33835,33812,33926,33627,0.22
2021-06-21,33761,33072,33808,32902,1.01
2021-06-18,33424.07,33840,33864,33438,-1.13
2021-06-17,33805,33950,34081,33611,-0.62
2021-06-16,34017,34295,34319,33895,-0.79
2021-06-15,34288,34367,34475,34192,-0.27
2021-06-14,34381,34451,34558,34203,-0.24
2021-06-11,34462,34459,34614,34313,0
2021-06-10,34461,34473,34733,34389,0.07
2021-06-09,34437,34586,34647,34425,-0.43
2021-06-08,34586,34623,34651,34429,-0.09
2021-06-07,34616,34760,34825,34558,-0.36
2021-06-04,34742,34575,34755,34472,0.51
2021-06-03,34567,34595,34655,34310,-0.07
2021-06-02,34590,34561,34694,34484,0.12
2021-06-01,34550,34570,34827,34408,0.13
2021-05-31,34505,34549,34574,34409,-0.13
2021-05-30,34549,34537,34566.5,34528.5,0.1
2021-05-28,34513,34556,34639,34495,0.22
2021-05-27,34437,34295,34577,34170,0.46
2021-05-26,34280,34289,34417,34227,0.03
2021-05-25,34271,34397,34483,34224,-0.24
2021-05-24,34352,34150,34427,34101,0.58
2021-05-21,34153,34028,34372,34017,0.37
2021-05-20,34028,33781,34187,33585,0.58
2021-05-19,33831,33899,33998,33402,-0.49
2021-05-18,33996,34295,34423,33907,-0.76
2021-05-17,34256,34320,34374,34093,-0.18
2021-05-14,34318,33968,34382,33922,1.12
2021-05-13,33938,33475,34093,33200,1.28
2021-05-12,33508,34143,34227,33461,-1.97
2021-05-11,34183,34647,34732,33983,-1.4
2021-05-10,34668,34722,35000,34611,-0.05
2021-05-07,34686,34449,34728,34366,0.71
2021-05-06,34442,34125,34458,34074,0.95
2021-05-05,34118,34016,34219,33926,0.29
2021-05-04,34020,33991,34047,33654,0.04
2021-05-03,34008,33828,34116,33823,0.71
2021-04-30,33767,33915,33941,33678,-0.54
2021-04-29,33951,33716,33979,33628,0.67
2021-04-28,33724,33815,33868,33690,-0.47
2021-04-27,33883,33889,33973,33764,0.02
2021-04-26,33877,33954,34045,33832,-0.19
2021-04-23,33941,33715,34056,33608,0.69
2021-04-22,33709,33986,34039,33605,-0.9
2021-04-21,34016,33692,34040,33625,0.93
2021-04-20,33703,33996,34066,33572,-0.75
2021-04-19,33958,34015,34048,33860,-0.36
2021-04-16,34081,33940,34144,33880,0.47
2021-04-15,33923,33661,33962,33652,0.89
2021-04-14,33624,33575,33800,33519,0.16
2021-04-13,33570,33647,33712,33431,-0.18
2021-04-12,33631,33660,33686,33550,-0.15
2021-04-09,33682,33451,33694,33371,0.87
2021-04-08,33390,33344,33464,33227,0.19
2021-04-07,33328,33333,33407,33233,0.04
2021-04-06,33315,33417,33454,33266,-0.3
2021-04-05,33415,33236,33504,33157,1.14
2021-04-02,33037,33045,33264,33017,0
2021-04-01,33037,32912,33060,32842,0.42
2021-03-31,32898,32938,33045,32866,-0.08
2021-03-30,32925,33063,33129,32859,-0.32
2021-03-29,33032,32951,33134,32746,0.24
2021-03-26,32954,32554,32984,32496,1.39
2021-03-25,32501,32338,32569,31951,0.56
2021-03-24,32319,32348,32669,32232,0.04
2021-03-23,32306,32644,32689,32235,-0.96
2021-03-22,32619,32467,32688,32314,-0.58
2021-03-19,32807.86,32899,32994,32841,-0.22
2021-03-18,32880,33024,33233,32842,-0.41
2021-03-17,33017,32862,33053,32780,0.55
2021-03-16,32835,32941,32972,32773,-0.37
2021-03-15,32957,32834,32967,32624,0.56
2021-03-12,32772,32494,32822,32389,0.9
2021-03-11,32479,32352,32641,32254,0.62
2021-03-10,32279,31868,32373,31727,1.47
2021-03-09,31811,31857,32118,31792,0.11
2021-03-08,31776,31562,32114,31287,0.99
2021-03-05,31465,30899,31545,30641,1.9
2021-03-04,30878,31259,31436,30512,-1.15
2021-03-03,31236,31364,31609,31216,-0.39
2021-03-02,31358,31537,31587,31281,-0.48
2021-03-01,31509,30981,31637,30934,1.93
2021-02-26,30912,31308,31456,30803,-1.46
2021-02-25,31371,31939,32033,31247,-1.71
2021-02-24,31916,31481,31964,31322,1.35
2021-02-23,31492,31500,31615,31103,0.08
2021-02-22,31466,31460,31592,31190,0.1
2021-02-19,31433,31445,31583,31302,0.01
2021-02-18,31431,31555,31632,31228,-0.37
2021-02-17,31549,31470,31581,31269,0.29
2021-02-16,31458,31425,31662,31373,-0.34
2021-02-15,31564,31433.5,31612,31432,0.42
2021-02-14,31433.5,31413,31471,31413,0.12
2021-02-12,31397,31350,31420,31216,0.12
2021-02-11,31359,31370,31465,31168,0.1
2021-02-10,31328,31318,31451,31119,0.16
2021-02-09,31278,31294,31340,31144,0.03
2021-02-08,31268,31126,31296,31050,0.73
2021-02-05,31042,30968,31149,30924,0.3
2021-02-04,30950,30694,30990,30542,1.05
2021-02-03,30627,30609,30720,30412,0.13
2021-02-02,30586,30122,30738,30070,1.58
2021-02-01,30110,29810,30235,29552,0.77
2021-01-29,29879,30445,30521,29754,-2.06
2021-01-28,30507,30190,30843,29950,1.05
2021-01-27,30189,30848,30884,30053,-2.12
2021-01-26,30842,30853,31017,30666,-0.08
2021-01-25,30868,30920,31015,30457,-0.13
2021-01-22,30909,31058,31086,30791,-0.56
2021-01-21,31082,31064,31188,31016,-0.05
2021-01-20,31096,30850,31134,30772,0.87
2021-01-19,30828,30628,30982,30605,0.16
2021-01-18,30779,30660,30784,30613,0.37
2021-01-17,30664.5,30626,30727,30621,-0.18
2021-01-15,30720,30905,30957,30506,-0.61
2021-01-14,30909,30990,31116,30882,-0.16
2021-01-13,30959,30956,31060,30869,-0.05
2021-01-12,30974,30928,31012,30777,0.23
2021-01-11,30902,30970,31022,30638,-0.29
2021-01-08,30993,30951,31148,30687,0.16
2021-01-07,30942,30790,31087,30696,0.72
2021-01-06,30720,30287,30912,30154,1.44
2021-01-05,30285,30108,30393,29974,0.6
2021-01-04,30104,30481,30691,29760,-1.24
2021-01-01,30482,30482,30482,30482,-0.05
2020-12-31,30497,30328,30526,30230,0.64
2020-12-30,30302,30273,30416,30211,0.21
2020-12-29,30238,30318,30502,30166,-0.22
2020-12-28,30305,30028,30418,29956,0.65
2020-12-24,30109,30083,30151,29997,0.25
2020-12-23,30034,29903,30182,29735,0.41
2020-12-22,29912,30100,30150,29879,-0.67
2020-12-21,30113,30300,30333,29318,-0.82
2020-12-18,30363.11,30289,30390,30170,0.23
2020-12-17,30293,30172,30340,30150,0.44
2020-12-16,30161,30238,30321,30084,-0.14
2020-12-15,30203,29938,30241,29840,1.13
2020-12-14,29865,30134,30325,29848,-0.56
2020-12-11,30033,30043,30089,29721,0.08
2020-12-10,30010,30062,30149,29868,-0.18
2020-12-09,30063,30206,30309,29946,-0.35
2020-12-08,30170,29988,30237,29852,0.38
2020-12-07,30057,30174,30265,29954,-0.47
2020-12-04,30198,29945,30216,29935,0.89
2020-12-03,29932,29886,30092,29755,0.21
2020-12-02,29868,29765,29907,29589,0.21
2020-12-01,29804,29680,30057,29614,0.59
2020-11-30,29629,29914,29972,29428,-0.82
2020-11-27,29874,29862,29978,29696,0.36
2020-11-26,29765.5,29847,29907.5,29724.5,-0.21
2020-11-25,29828,30029,30165,29757,-0.57
2020-11-24,29998,29560,30067,29552,1.53
2020-11-23,29546,29133,29621,29116,1.14
2020-11-20,29212,29270,29440,29123,-0.78
2020-11-19,29443,29370,29476,29182,0.18
2020-11-18,29391,29693,29896,29331,-1.11
2020-11-17,29720,29892,29898,29449,-0.49
2020-11-16,29865,29435,29998,29435,1.55
2020-11-13,29410,29060,29483,28858,1.44
2020-11-12,28992,29366,29367,28815,-1.09
2020-11-11,29311,29360,29570,29184,-0.03
2020-11-10,29319,29092,29389,28781,0.93
2020-11-09,29048,28386,30000,28328,2.99
2020-11-06,28204,28319,28457,27966,-0.33
2020-11-05,28297,27832,28390,27648,2.03
2020-11-04,27735,27401,28194,26903,1.31
2020-11-03,27376,26852,27534,26807,2.16
2020-11-02,26796,26372,26938,26172,1.52
2020-10-30,26394,26303,26533,25953,-0.61
2020-10-29,26557,26482,26803,26162,0.56
2020-10-28,26409,27241,27267,26390,-3.49
2020-10-27,27365,27581,27713,27232,-0.78
2020-10-26,27581,28150,28150,27259,-2.16
2020-10-23,28189,28313,28392,28045,-0.28
2020-10-22,28268,28130,28313,27896,0.48
2020-10-21,28134,28187,28378,28077,-0.17
2020-10-20,28182,28182,28466,28048,0.29
2020-10-19,28100,28496,28669,28025,-1.08
2020-10-16,28408,28417,28732,28332,0.08
2020-10-15,28386,28405,28454,28025,-0.1
2020-10-14,28414,28577,28726,28343,-0.6
2020-10-13,28585,28807,28824,28485,-0.74
2020-10-12,28798,28518,28846,28433,0.98
2020-10-09,28518,28378,28570,28324,0.73
2020-10-08,28310,28179,28452,28151,0.46
2020-10-07,28179,27568,28250,27539,1.73
2020-10-06,27700,28010,28232,27531,-1.05
2020-10-05,27995,27740,28042,27646,1.56
2020-10-02,27565,27680,27741,27109,-0.45
2020-10-01,27689,27606,27962,27543,0.09
2020-09-30,27664,27354,27904,27039,0.93
2020-09-29,27408,27498,27619,27213,-0.27
2020-09-28,27482,27060,27600,27060,1.62
2020-09-25,27043,26772,27123,26424,1.23
2020-09-24,26715,26690,26971,26407,0.11
2020-09-23,26685,27219,27392,26586,-1.69
2020-09-22,27143,27000,27207,26858,0.33
2020-09-21,27055,27568,27663,26584,-2.71
2020-09-18,27807.3,27900,27995,27762,-0.47
2020-09-17,27938,28069,28112,27550,-0.41
2020-09-16,28054,28037,28367,27965,0.1
2020-09-15,28027,27978,28245,27933,0.12
2020-09-14,27993,27706,28086,27699,1.38
2020-09-11,27612,27564,27828,27440,0.24
2020-09-10,27545,27944,28159,27432,-1.53
2020-09-09,27972,27376,28196,27185,1.62
2020-09-08,27525,28136,28404,27440,-2.82
2020-09-07,28324.5,28064,28362,27968,0.92
2020-09-06,28067,28063.5,28142,27887,-0.02
2020-09-04,28074,28301,28592,27643,-0.98
2020-09-03,28351,29076,29180,28052,-2.54
2020-09-02,29090,28637,29152,28611,1.64
2020-09-01,28622,28379,28654,28257,0.72
2020-08-31,28416,28679,28783,28333,-0.68
2020-08-28,28611,28515,28718,28442,0.5
2020-08-27,28468,28312,28590,28181,0.55
2020-08-26,28312,28215,28339,28095,0.42
2020-08-25,28193,28244,28480,28042,-0.16
2020-08-24,28239,27900,28266,27877,1.36
2020-08-21,27859,27676,27904,27473,0.69
2020-08-20,27669,27645,27717,27392,0.13
2020-08-19,27632,27744,27855,27560,-0.31
2020-08-18,27717,27779,27904,27596,-0.21
2020-08-17,27775,27840,27928,27736,-0.06
2020-08-14,27792,27828,27911,27592,-0.11
2020-08-13,27823,27858,27933,27708,-0.15
2020-08-12,27866,27700,27963,27612,0.91
2020-08-11,27614,27690,28069,27532,-0.23
2020-08-10,27679,27364,27713,27260,1.27
2020-08-07,27333,27292,27371,27105,0.18
2020-08-06,27285,27067,27301,26924,0.85
2020-08-05,27055,26749,27114,26666,1.27
2020-08-04,26717,26561,26744,26439,0.6
2020-08-03,26558,26400,26603,26197,0.91
2020-07-31,26319,26414,26457,25905,0.39
2020-07-30,26218,26454,26477,25881,-0.84
2020-07-29,26440,26295,26500,26187,0.54
2020-07-28,26297,26512,26599,26252,-0.71
2020-07-27,26484,26275,26523,26232,0.62
2020-07-24,26322,26548,26615,26290,-0.83
2020-07-23,26543,26885,27057,26449,-1.27
2020-07-22,26884,26727,26928,26526,0.59
2020-07-21,26726,26625,26925,26590,0.35
2020-07-20,26633,26541,26655,26330,0.43
2020-07-17,26520,26565,26724,26502,-0.12
2020-07-16,26553,26814,26858,26465,-0.79
2020-07-15,26765,26644,27063,26571,1.03
2020-07-14,26491,25986,26575,25874,2.01
2020-07-13,25968,26025,26524,25914,-0.03
2020-07-10,25977,25589,26003,25293,1.59
2020-07-09,25571,25995,26029,25397,-1.53
2020-07-08,25969,25770,25999,25661,0.77
2020-07-07,25770,26167,26280,25741,-1.56
2020-07-06,26179,25689,26197,25657,2.15
2020-07-03,25627.5,25735.5,25877,25440.5,-0.51
2020-07-02,25759,25549,26088,25515,0.72
2020-07-01,25575,25653,25893,25381,-0.44
2020-06-30,25689,25479,25772,25301,0.75
2020-06-29,25497,24777,25543,24743,2.19
2020-06-26,24950,25540,25653,24837,-2.52
2020-06-25,25596,25379,25659,25003,0.8
2020-06-24,25393,25986,26134,25159,-2.41
2020-06-23,26020,25955,26294,25514,0.26
2020-06-22,25953,25370,25987,25230,-2.01
2020-06-19,26484.22,26059,26480,25985,1.77
2020-06-18,26024,26141,26275,25743,-0.48
2020-06-17,26150,26249,26623,26049,-0.65
2020-06-16,26320,25834,26779,25789,2
2020-06-15,25805,25176,25884,24550,1.05
2020-06-12,25536,25200,25952,25064,1.47
2020-06-11,25165,26954,26997,25060,-6.66
2020-06-10,26961,27257,27488,26901,-1.11
2020-06-09,27264,27562,27624,27126,-0.96
2020-06-08,27527,27124,27563,27031,1.68
2020-06-05,27072,26283,27325,26212,3.12
2020-06-04,26253,26265,26368,26056,0.1
2020-06-03,26228,25701,26328,25679,2.05
2020-06-02,25701,25458,25720,25291,0.93
2020-06-01,25463,25231,25519,25089,0.33
2020-05-29,25378,25448,25500,24991,-0.31
2020-05-28,25457,25543,25794,25311,-0.3
2020-05-27,25534,25007,25572,24913,2.13
2020-05-26,25002,24411,25127,24376,1.46
2020-05-25,24642,24547,24734.5,24432.5,0.4
2020-05-24,24543.5,24442.5,24560,24393,0.49
2020-05-22,24424,24377,24506,24101,0.2
2020-05-21,24376,24545,24660,24300,-0.58
2020-05-20,24519,24125,24583,24076,1.49
2020-05-19,24158,24479,24765,24120,-1.42
2020-05-18,24507,23600,24640,23538,4.21
2020-05-15,23517,23526,23677,23241,-0.07
2020-05-14,23534,23232,23592,22704,1.59
2020-05-13,23166,23494,23780,22980,-1.73
2020-05-12,23574,24105,24293,23468,-2.28
2020-05-11,24124,24228,24471,23973,-0.67
2020-05-08,24286,23855,24327,23849,1.86
2020-05-07,23843,23493,23999,23428,1.4
2020-05-06,23513,23762,23995,23497,-1.04
2020-05-05,23761,23587,24057,23577,0.81
2020-05-04,23571,23364,23658,23208,-0.2
2020-05-01,23619,24052,24078,23530,-2.52
2020-04-30,24230,24676,24792,24072,-1.37
2020-04-29,24566,24036,24688,23971,2.17
2020-04-28,24045,24015,24435,23878,0.19
2020-04-27,23999,23647,24100,23535,1.44
2020-04-24,23658,23332,23730,23155,1.38
2020-04-23,23337,23375,23772,23231,-0.08
2020-04-22,23356,22976,23503,22815,1.86
2020-04-21,22929,23457,23682,22814,-2.38
2020-04-20,23488,24088,24203,23441,-2.78
2020-04-17,24159,24072,24327,23701,3.21
2020-04-16,23407,23332,23767,23079,0.07
2020-04-15,23391,23911,23967,23103,-2.05
2020-04-14,23880,23320,23922,23250,2.45
2020-04-13,23309,23839,23911,22968,-1.55
2020-04-10,23676,23676,23676,23676,0.25
2020-04-09,23618,23298,23889,23020,1.6
2020-04-08,23246,22479,23394,22244,3.36
2020-04-07,22491,22496,23477,22300,0.01
2020-04-06,22488,20944,22663,20944,7.31
2020-04-03,20957,21272,21352,20740,-1.49
2020-04-02,21273,20819,21374,20500,2.57
2020-04-01,20740,21702,21702,20648,-4.65
2020-03-31,21751,22186,22386,21641,-1.88
2020-03-30,22167,20926,22239,20778,3.41
2020-03-27,21437,22520,22545,21316,-4.08
2020-03-26,22348,21058,22449,20510,6.29
2020-03-25,21026,20679,21892,20279,2.03
2020-03-24,20608,18584,20710,18584,11.41
2020-03-23,18497,18504,19804,18086,-8.68
2020-03-20,20255.53,19712,20999,19543,1.26
2020-03-19,20003,19996,20497,18993,0.11
2020-03-18,19981,20791,20954,18904,-4.7
2020-03-17,20966,20381,21380,19872,2.78
2020-03-16,20399,22867,22899,20062,-11.26
2020-03-13,22988,20769,23147,20388,9.03
2020-03-12,21085,23565,23851,20875,-10.56
2020-03-11,23575,24838,24890,23300,-5.13
2020-03-10,24849,23727,25020,23424,4.07
2020-03-09,23877,25356,25356,23549,-7.41
2020-03-06,25789,26143,26282,25193,-1.04
2020-03-05,26060,26921,26973,25915,-3.36
2020-03-04,26965,25809,27075,25688,4.19
2020-03-03,25880,26562,27059,25679,-2.22
2020-03-02,26468,25196,26711,24851,4.35
2020-02-28,25364,25522,25772,24675,-0.74
2020-02-27,25552,26820,26977,25500,-5.06
2020-02-26,26914,27124,27519,26692,-0.75
2020-02-25,27117,27927,28234,26976,-3.04
2020-02-24,27968,28745,28754,27887,-3.5
2020-02-21,28981,29154,29176,28871,-0.65
2020-02-20,29171,29366,29434,28931,-0.57
2020-02-19,29337,29240,29397,29232,0.43
2020-02-18,29211,29384,29476,29100,-0.49
2020-02-17,29356,29441,29475,29327.5,-0.3
2020-02-16,29445.5,29379.5,29463.5,29377.5,0.17
2020-02-14,29395,29446,29519,29267,-0.13
2020-02-13,29432,29529,29543,29245,-0.31
2020-02-12,29523,29261,29538,29209,1.01
2020-02-11,29229,29237,29395,29162,-0.05
2020-02-10,29245,29021,29250,28850,0.69
2020-02-07,29044,29357,29367,29006,-0.97
2020-02-06,29328,29248,29475,29186,0.3
2020-02-05,29241,28776,29275,28692,1.57
2020-02-04,28789,28366,28847,28287,1.51
2020-02-03,28361,28159,28573,28136,0.59
2020-01-31,28196,28838,28881,28105,-2.07
2020-01-30,28791,28718,28843,28432,0.28
2020-01-29,28710,28736,28888,28650,0
2020-01-28,28710,28479,28780,28471,0.8
2020-01-27,28481,28720,28732,28405,-1.56
2020-01-24,28933,29129,29241,28796,-0.67
2020-01-23,29127,29112,29150,28924,-0.04
2020-01-22,29140,29177,29309,29093,-0.13
2020-01-21,29179,29280,29318,29108,-0.34
2020-01-20,29280,29307.5,29317.5,29230,-0.09
2020-01-19,29306,29272,29308.5,29263,0.09
2020-01-17,29279,29245,29362,29242,0.13
2020-01-16,29240,29034,29263,29032,0.73
2020-01-15,29029,28934,29090,28838,0.33
2020-01-14,28934,28874,29015,28737,0.22
2020-01-13,28871,28775,28907,28775,0.33
2020-01-10,28777,28930,29022,28751,-0.53
2020-01-09,28929,28772,28953,28745,0.55
2020-01-08,28770,28502,28833,28084,0.86
2020-01-07,28526,28636,28739,28446,-0.4
2020-01-06,28642,28494,28700,28351,0.14
2020-01-03,28602,28844,28893,28431,-0.83
2020-01-02,28841,28553,28871,28538,0.96
2020-01-01,28568,28548,28590,28539,0.21
2019-12-31,28508,28427,28553,28341,0.24
2019-12-30,28440,28618,28660,28403,-0.59
