Date,Close,Open,High,Low,NASDAQ
2024-12-12,21615.27,21652.85,21715.83,21596.66,-0.68
2024-12-11,21763.98,21540.38,21784.71,21533.89,1.85
2024-12-10,21368.18,21492.51,21567.02,21313.27,-0.34
2024-12-09,21440.82,21573.76,21609.99,21400.77,-0.84
2024-12-06,21622.25,21458.58,21626.31,21449.62,0.92
2024-12-05,21425.22,21488.52,21517.49,21411.53,-0.31
2024-12-04,21492.36,21361.81,21498.44,21340.84,1.24
2024-12-03,21229.32,21106.51,21235.79,21081.8,0.31
2024-12-02,21164.6,20971.76,21201.03,20971.76,1.12
2024-11-29,20930.37,20771.02,20956.31,20751.96,0.9
2024-11-27,20744.49,20852.43,20853.08,20615.42,-0.85
2024-11-26,20922.9,20871.55,20944.9,20832.4,0.57
2024-11-25,20804.89,20918.76,20998.48,20712.38,0.14
2024-11-22,20776.23,20737.49,20797.24,20655.72,0.17
2024-11-21,20740.78,20775.27,20814.93,20436.8,0.36
2024-11-20,20667.1,20660.84,20676.57,20402.54,-0.08
2024-11-19,20684.59,20435.68,20696.47,20423.3,0.71
2024-11-18,20539.19,20450.21,20622.28,20401.26,0.71
2024-11-15,20394.13,20679.98,20684.56,20315.08,-2.4
2024-11-14,20896.67,21052.07,21067.66,20864.02,-0.66
2024-11-13,21036.16,21049.66,21154.94,20955.24,-0.16
2024-11-12,21070.79,21105.49,21144.67,20946.74,-0.17
2024-11-11,21106.59,21171.24,21182.03,20993.48,-0.05
2024-11-08,21117.18,21083.58,21155,21050.32,0.07
2024-11-07,21101.57,20896.41,21132.8,20896.41,1.54
2024-11-06,20781.33,20571.29,20807.03,20526.64,2.74
2024-11-05,20227.46,20042.93,20249.21,20042.93,1.32
2024-11-04,19963.6,20011.55,20106.99,19898.57,-0.35
2024-11-01,20033.14,19955.83,20162.54,19950.99,0.72
2024-10-31,19890.41,20227.19,20227.19,19880.26,-2.44
2024-10-30,20387.7,20510.92,20559.52,20378.75,-0.79
2024-10-29,20550.65,20369.08,20600.1,20294.58,0.98
2024-10-28,20351.07,20455.01,20470.43,20344.82,0
2024-10-25,20352.01,20354.91,20552.82,20322.25,0.59
2024-10-24,20232.87,20197.62,20256.38,20116.88,0.83
2024-10-23,20066.96,20303.55,20312.78,19934.92,-1.55
2024-10-22,20383.65,20256.97,20437.93,20218.85,0.11
2024-10-21,20361.47,20280.49,20386.68,20193.03,0.18
2024-10-18,20324.04,20288.48,20360.29,20273.55,0.66
2024-10-17,20190.42,20375.29,20377.65,20186.43,0.08
2024-10-16,20174.05,20172.87,20200.59,20036.73,0.07
2024-10-15,20159.83,20442.77,20484.31,20083.56,-1.37
2024-10-14,20439.05,20366.06,20493.9,20355.06,0.82
2024-10-11,20271.97,20154.83,20313.2,20142.17,0.15
2024-10-10,20241.76,20165.25,20314.24,20117.2,-0.13
2024-10-09,20268.86,20097.56,20284.42,20047.86,0.8
2024-10-08,20107.78,19902.21,20132.67,19881.08,1.55
2024-10-07,19800.74,19954.66,19990.12,19763.04,-1.17
2024-10-04,20035.02,20025.16,20045.69,19829.49,1.22
2024-10-03,19793.34,19712.33,19902.7,19688.22,-0.05
2024-10-02,19802.58,19725.95,19876.7,19630.91,0.15
2024-10-01,19773.3,20046.06,20056.2,19622.29,-1.43
2024-09-30,20060.69,19959.26,20072.42,19852.85,0.26
2024-09-27,20008.62,20147.28,20152.53,19964.13,-0.53
2024-09-26,20115.54,20273.3,20273.3,19966.99,0.72
2024-09-25,19972.61,19922.28,20043.43,19921.22,0.14
2024-09-24,19944.84,19917.56,19984.47,19739.67,0.47
2024-09-23,19852.2,19848.71,19892.78,19797.82,0.31
2024-09-20,19791.49,19816.29,19845.7,19632.73,-0.24
2024-09-19,19839.83,19798.71,19951.79,19723.94,2.56
2024-09-18,19344.49,19478.51,19643.51,19330.81,-0.45
2024-09-17,19432.4,19539.75,19596.34,19337.12,0.05
2024-09-16,19423.06,19412.79,19446.06,19294.18,-0.47
2024-09-13,19514.58,19396.1,19556.8,19384.69,0.47
2024-09-12,19423.07,19236.42,19456.41,19166.8,0.97
2024-09-11,19237.3,18866,19266.39,18531.58,2.17
2024-09-10,18829.14,18722.15,18845.74,18570.67,0.9
2024-09-09,18660.78,18579.8,18693.86,18469.4,1.3
2024-09-06,18421.31,18903.03,18930.77,18400.97,-2.69
2024-09-05,18930.33,18864.42,19102.35,18806.83,0.05
2024-09-04,18921.4,18832.64,19070.82,18808.76,-0.2
2024-09-03,18958.74,19438.1,19438.1,18869.8,-3.15
2024-08-30,19574.64,19506.27,19582.17,19326.62,1.29
2024-08-29,19325.45,19425.28,19622.73,19281.65,-0.13
2024-08-28,19350.78,19567.45,19587.04,19221.48,-1.18
2024-08-27,19581.52,19450.57,19617.92,19369.53,0.33
2024-08-26,19516.44,19679.24,19726.9,19437.34,-1.04
2024-08-23,19720.87,19669.78,19818.4,19526.63,1.18
2024-08-22,19491.83,19911.28,19938.89,19459.86,-1.68
2024-08-21,19824.84,19758.47,19885.34,19690.64,0.53
2024-08-20,19719.82,19736.35,19835.38,19652.18,-0.24
2024-08-19,19766.49,19521.93,19767.43,19445.1,1.32
2024-08-16,19508.52,19393.73,19561.24,19376.72,0.09
2024-08-15,19490.15,19251.86,19502.92,19239.94,2.46
2024-08-14,19022.67,19043.76,19103,18837.1,0.09
2024-08-13,19006.43,18724.84,19013.01,18723.74,2.5
2024-08-12,18542.03,18548.23,18665.75,18433.61,0.16
2024-08-09,18513.1,18373.89,18567.63,18313.78,0.54
2024-08-08,18413.82,18102.04,18445.41,17965.07,3.06
2024-08-07,17867.37,18345.45,18445.75,17851.08,-1.16
2024-08-06,18077.92,17961.45,18368.68,17858.82,1.02
2024-08-05,17895.15,17444.4,18169.49,17435.39,-2.96
2024-08-02,18440.85,18494.24,18628.78,18263.5,-2.38
2024-08-01,18890.39,19375.97,19538.97,18737.09,-2.44
2024-07-31,19362.43,19222.85,19426.62,19162.91,3.01
2024-07-30,18796.27,19129.56,19165.42,18667.22,-1.38
2024-07-29,19059.49,19122.43,19224.59,18974.51,0.19
2024-07-26,19023.66,18990.2,19142.68,18899.31,1.03
2024-07-25,18830.58,19041.15,19227.2,18721.71,-1.06
2024-07-24,19032.39,19475.66,19482.55,19005.47,-3.65
2024-07-23,19754.34,19783.33,19904.6,19736.22,-0.35
2024-07-22,19822.87,19751.02,19861.72,19638.37,1.54
2024-07-19,19522.62,19687.8,19784.48,19479.38,-0.93
2024-07-18,19705.09,19936.24,19947.98,19575.79,-0.48
2024-07-17,19799.14,20041.31,20080.27,19793.75,-2.94
2024-07-16,20398.62,20441.53,20477,20266.51,0.06
2024-07-15,20386.88,20401.02,20585.17,20304.53,0.27
2024-07-12,20331.49,20226.23,20526.08,20217.99,0.59
2024-07-11,20211.36,20661.41,20672.1,20165,-2.24
2024-07-10,20675.38,20533.27,20690.97,20479.94,1.09
2024-07-09,20453.02,20504.17,20543.9,20395.57,0.07
2024-07-08,20439.54,20393.89,20455.38,20363.37,0.23
2024-07-05,20391.97,20224.13,20406.99,20201.5,1.02
2024-07-03,20186.63,19995.28,20186.63,19995.28,0.87
2024-07-02,20011.89,19746.22,20014.92,19741.81,1.01
2024-07-01,19812.22,19720.11,19827.75,19577.53,0.66
2024-06-28,19682.87,19817.01,20017.72,19665.85,-0.54
2024-06-27,19789.03,19740.51,19850.81,19701.34,0.19
2024-06-26,19751.05,19671.07,19763.55,19654.18,0.25
2024-06-25,19701.13,19555.84,19712.42,19523.51,1.16
2024-06-24,19474.62,19648.23,19723.2,19472.53,-1.15
2024-06-21,19700.43,19722.37,19801.97,19643.52,-0.26
2024-06-20,19752.3,19962.97,19979.93,19685.03,-0.79
2024-06-18,19908.86,19904.43,19940.5,19837.86,0.03
2024-06-17,19902.75,19681.86,19977.84,19623.71,1.24
2024-06-14,19659.8,19557.22,19664.59,19534.62,0.42
2024-06-13,19576.92,19609.05,19639.45,19473.71,0.57
2024-06-12,19465.18,19358.26,19556.9,19347.28,1.33
2024-06-11,19210.19,19031.4,19212.63,18966.56,0.71
2024-06-10,19074.67,18945.31,19089.83,18940.71,0.39
2024-06-07,19000.95,18992.58,19113.88,18958.68,-0.11
2024-06-06,19021.19,19053.01,19071.79,18978.86,-0.07
2024-06-05,19035.05,18791.28,19035.87,18768.25,2.04
2024-06-04,18654.84,18598,18697.95,18521.85,0.29
2024-06-03,18600.97,18666.72,18707.22,18392.57,0.35
2024-05-31,18536.65,18550.8,18574.56,18189.78,-0.01
2024-05-30,18538.66,18683.25,18705.26,18487.76,-1.06
2024-05-29,18736.76,18708.07,18814.81,18706.62,-0.7
2024-05-28,18869.44,18855.15,18875.2,18755.94,0.32
2024-05-24,18808.35,18669.36,18851.99,18664.79,0.99
2024-05-23,18623.39,18907.14,18907.54,18554.89,-0.44
2024-05-22,18705.2,18733.54,18756.69,18606.16,-0.05
2024-05-21,18713.8,18603.99,18721.18,18589.91,0.21
2024-05-20,18674.19,18559.22,18703.83,18549.84,0.69
2024-05-17,18546.23,18571.82,18590.37,18462.25,-0.06
2024-05-16,18557.96,18589.98,18669.5,18553.3,-0.21
2024-05-15,18596.65,18412.81,18607.53,18359.32,1.49
2024-05-14,18322.77,18187.51,18339.58,18175.3,0.68
2024-05-13,18198.61,18228.4,18233.49,18147.57,0.21
2024-05-10,18161.18,18171.15,18247.61,18099.72,0.26
2024-05-09,18113.46,18095.8,18138.02,18012.62,0.16
2024-05-08,18085.01,17987.71,18135.34,17987.71,-0.04
2024-05-07,18091.45,18106.33,18156.32,18061.6,-0.01
2024-05-06,18093.57,17950.98,18094.46,17937.28,1.13
2024-05-03,17890.79,17848.66,17926.98,17784.78,1.99
2024-05-02,17541.54,17474.92,17575.81,17290.64,1.29
2024-05-01,17318.55,17382.78,17667.86,17284.37,-0.7
2024-04-30,17440.69,17720.35,17768.87,17440.69,-1.92
2024-04-29,17782.72,17801.14,17820,17671.03,0.36
2024-04-26,17718.3,17566.22,17772.78,17533.08,1.65
2024-04-25,17430.5,17205.28,17474.46,17172.42,-0.55
2024-04-24,17526.8,17613.66,17653.66,17435.33,0.32
2024-04-23,17471.47,17297.24,17513.31,17277.26,1.51
2024-04-22,17210.89,17161.11,17305.15,17010.26,1.02
2024-04-19,17037.65,17334.71,17362.28,16973.94,-2.05
2024-04-18,17394.31,17514.77,17590.81,17376.49,-0.57
2024-04-17,17493.62,17785.82,17788.54,17459.57,-1.24
2024-04-16,17713.66,17691.45,17817.73,17660.89,0.04
2024-04-15,17706.83,18143.26,18152.08,17676.35,-1.65
2024-04-12,18003.49,18117.67,18166.49,17952.08,-1.66
2024-04-11,18307.98,18085.11,18337.15,17998.25,1.65
2024-04-10,18011.65,17957.96,18040.83,17932.42,-0.87
2024-04-09,18169.9,18188.87,18210.02,17973.07,0.39
2024-04-08,18100.19,18130.44,18178.66,18050.69,-0.05
2024-04-05,18108.46,17940.28,18202.96,17912.86,1.28
2024-04-04,17878.78,18331.02,18362.29,17875.75,-1.55
2024-04-03,18160.19,18054.44,18238.67,18045.42,0.21
2024-04-02,18121.78,18076.43,18135.58,18002.27,-0.94
2024-04-01,18293.2,18280.82,18391.58,18211.28,0.21
2024-03-28,18254.69,18263.41,18308.32,18231.38,-0.14
2024-03-27,18280.84,18338.19,18344.09,18168.2,0.39
2024-03-26,18210.54,18329.29,18378.7,18207.88,-0.36
2024-03-25,18277.06,18215.54,18337.35,18189.28,-0.34
2024-03-22,18339.44,18293.15,18386.25,18267.49,0.1
2024-03-21,18320.38,18438.24,18464.7,18317.1,0.44
2024-03-20,18240.11,18067.7,18249.12,18003.24,1.15
2024-03-19,18032.21,17902.51,18039.82,17809.15,0.26
2024-03-18,17985.01,18024.24,18124.32,17973.09,0.99
2024-03-15,17808.25,17926.92,17930.47,17764.99,-1.15
2024-03-14,18014.81,18114.69,18142.9,17913.63,-0.3
2024-03-13,18068.47,18151.76,18163.74,18030.4,-0.83
2024-03-12,18219.12,18063.02,18228.37,17919.33,1.49
2024-03-11,17951.69,17959.68,18003.05,17873.33,-0.37
2024-03-08,18018.45,18312.78,18416.73,17995.38,-1.53
2024-03-07,18297.99,18161.73,18337.95,18101.43,1.56
2024-03-06,18017.58,18083.51,18142.88,17941.65,0.67
2024-03-05,17897.87,18088.71,18097.5,17804.49,-1.8
2024-03-04,18226.48,18290.1,18313.43,18218.24,-0.42
2024-03-01,18302.91,18069.29,18333.26,18064.44,1.44
2024-02-29,18043.85,17991.67,18068.52,17866.26,0.95
2024-02-28,17874.5,17895.03,17931.01,17840.36,-0.54
2024-02-27,17971.05,17962.58,17987.54,17871.06,0.21
2024-02-26,17933.33,17970.21,18014.11,17926.66,-0.02
2024-02-23,17937.61,18052.59,18091.62,17902.78,-0.37
2024-02-22,18004.7,17857.76,18034.8,17808.26,3.01
2024-02-21,17478.91,17412.79,17482.13,17319.44,-0.38
2024-02-20,17546.1,17591.17,17657.08,17399.41,-0.79
2024-02-16,17685.98,17853.59,17864.16,17663.4,-0.9
2024-02-15,17845.72,17815.32,17864.58,17722.31,0.21
2024-02-14,17807.63,17728.9,17815.18,17619.92,1.18
2024-02-13,17600.42,17519.8,17717.67,17478.23,-1.58
2024-02-12,17882.66,17942.28,18041.45,17859.66,-0.44
2024-02-09,17962.4,17820.98,17987.9,17798.81,1.01
2024-02-08,17783.17,17757.6,17814.12,17728.55,0.16
2024-02-07,17755.07,17674.59,17784.17,17637.73,1.04
2024-02-06,17572.73,17664.44,17680.62,17475.43,-0.23
2024-02-05,17613.04,17634.69,17655.77,17469.62,-0.17
2024-02-02,17642.73,17415.94,17682.29,17378.37,1.72
2024-02-01,17344.71,17216.99,17356.76,17175.83,1.21
2024-01-31,17137.24,17269.97,17375.32,17128.74,-1.94
2024-01-30,17476.71,17556.49,17578.46,17443.77,-0.68
2024-01-29,17596.27,17438.03,17603.95,17414.62,1.01
2024-01-26,17421.01,17432.87,17514.76,17395.53,-0.55
2024-01-25,17516.99,17589.27,17631.34,17430.38,0.1
2024-01-24,17499.3,17562.32,17665.26,17481.97,0.55
2024-01-23,17404.21,17346.95,17410.86,17286.02,0.43
2024-01-22,17330.38,17403.62,17450.3,17309.87,0.09
2024-01-19,17314.01,17060.14,17317.21,17041.85,1.95
2024-01-18,16982.29,16894.33,16996.98,16818.13,1.47
2024-01-17,16736.28,16705.51,16749.11,16561.49,-0.56
2024-01-16,16830.71,16775.1,16895.33,16726.59,-0.01
2024-01-12,16832.92,16855,16900.37,16776.92,0.07
2024-01-11,16820.9,16852.19,16898.16,16618.86,0.17
2024-01-10,16793.04,16702.55,16827.37,16654.74,0.69
2024-01-09,16678.7,16531.96,16710.88,16513.73,0.17
2024-01-08,16649.87,16354.22,16655.23,16349.39,2.11
2024-01-05,16305.98,16281.74,16415.39,16249.19,0.15
2024-01-04,16282.01,16290.77,16419.44,16276.43,-0.53
2024-01-03,16368.49,16413.26,16471.08,16352.14,-1.06
2024-01-02,16543.94,16667.3,16686.6,16453.15,-1.68
2023-12-29,16825.93,16902.44,16919.51,16757.88,-0.43
2023-12-28,16898.47,16963.52,16969.17,16891.32,-0.05
2023-12-27,16906.8,16896.14,16922.01,16859.55,0.17
2023-12-26,16878.46,16816.78,16907.51,16813.56,0.6
2023-12-22,16777.4,16799.02,16839.25,16703.57,0.12
2023-12-21,16757.41,16719.61,16768.02,16621.52,1.23
2023-12-20,16554.16,16763.64,16860.68,16552.06,-1.53
2023-12-19,16811.85,16734.25,16813.01,16733.38,0.49
2023-12-18,16729.8,16631.11,16764.31,16629.29,0.64
2023-12-15,16623.45,16587,16669.77,16557.01,0.52
2023-12-14,16537.83,16603.54,16660.71,16419.26,-0.15
2023-12-13,16562.37,16392.18,16581.04,16357.21,1.27
2023-12-12,16354.25,16209.61,16354.25,16175.46,0.82
2023-12-11,16221.74,16069.61,16232.25,16061.87,0.85
2023-12-08,16084.69,15952.85,16100.86,15937.58,0.39
2023-12-07,16022.49,15888.23,16042.51,15875.48,1.48
2023-12-06,15788.05,15990.2,15990.94,15776.95,-0.56
2023-12-05,15877.71,15763.66,15931.84,15760.59,0.24
2023-12-04,15839.67,15837.12,15852.45,15695.58,-0.99
2023-12-01,15997.58,15892.59,16013.75,15834.93,0.31
2023-11-30,15947.87,15987.66,16013.48,15825.67,-0.25
2023-11-29,15987.6,16111.36,16166.51,15976.69,-0.14
2023-11-28,16010.43,15940.29,16031.51,15921.07,0.3
2023-11-27,15961.98,15969.72,16045.3,15932.19,-0.13
2023-11-24,15982.01,15974.85,16007.43,15940.62,-0.12
2023-11-22,16001.39,16025.74,16119.31,15964.04,0.43
2023-11-21,15933.62,15951.55,15968.09,15866.82,-0.58
2023-11-20,16027.06,15845.2,16056.76,15844.83,1.19
2023-11-17,15837.99,15803.98,15876.87,15766.94,0.03
2023-11-16,15833.17,15765.2,15842.63,15738.22,0.1
2023-11-15,15817.18,15881.72,15904.63,15765.31,0.03
2023-11-14,15812.47,15744.36,15850.34,15726.12,2.13
2023-11-13,15482.79,15469.21,15524.66,15404.71,-0.3
2023-11-10,15529.12,15252.36,15535.2,15237.17,2.25
2023-11-09,15187.9,15351.12,15382.11,15171.32,-0.82
2023-11-08,15313.24,15313.9,15343.19,15220.89,0.11
2023-11-07,15296.02,15201.77,15335.44,15153.31,0.93
2023-11-06,15154.93,15137.17,15180.19,15064.91,0.37
2023-11-03,15099.49,14985.12,15149.78,14965.29,1.21
2023-11-02,14919.55,14856.95,14930.76,14792.81,1.74
2023-11-01,14664.91,14453.68,14677.86,14441.9,1.77
2023-10-31,14409.78,14340.86,14420.44,14232.4,0.52
2023-10-30,14335.51,14283.98,14388.2,14225.86,1.09
2023-10-27,14180.42,14245.75,14321.04,14130.37,0.5
2023-10-26,14109.57,14314.01,14372.51,14058.33,-1.89
2023-10-25,14381.64,14642.08,14643.69,14362.24,-2.47
2023-10-24,14745.85,14678.41,14774.16,14610.33,0.97
2023-10-23,14604.85,14514.11,14746.37,14419.06,0.3
2023-10-20,14560.88,14752.58,14781.22,14552.12,-1.5
2023-10-19,14783.13,14981.12,15023.91,14749.3,-0.85
2023-10-18,14909.26,15022.28,15103.87,14865.81,-1.41
2023-10-17,15122.01,15009.26,15187.06,14932.77,-0.33
2023-10-16,15172.73,15054.48,15209.5,15047.27,1.18
2023-10-13,14995.11,15225.73,15232.37,14943.42,-1.24
2023-10-12,15184.1,15264.11,15333.98,15090.69,-0.37
2023-10-11,15241.12,15194.53,15248.22,15119.61,0.72
2023-10-10,15131.52,15074.04,15241.94,15050.54,0.56
2023-10-09,15047.16,14871.57,15070.64,14816.32,0.49
2023-10-06,14973.24,14622.23,15021.38,14575.95,1.7
2023-10-05,14723.22,14769.55,14784.69,14584.39,-0.36
2023-10-04,14776.25,14613.23,14803.04,14592.56,1.45
2023-10-03,14565.62,14744.05,14819.87,14504.14,-1.83
2023-10-02,14837.57,14717.9,14892.18,14701.52,0.83
2023-09-29,14715.24,14853.35,14901.85,14664.78,0.08
2023-09-28,14702.77,14530.96,14787.58,14510.17,0.84
2023-09-27,14580.16,14600.14,14657.21,14432.6,0.24
2023-09-26,14545.83,14668.45,14678.48,14505.68,-1.51
2023-09-25,14768.9,14662.69,14771.12,14615.45,0.46
2023-09-22,14701.1,14756.62,14855.92,14686.84,0.05
2023-09-21,14694.24,14813.49,14849.25,14691.69,-1.84
2023-09-20,14969.92,15225.34,15245.19,14967.6,-1.46
2023-09-19,15191.23,15152.53,15219.92,15069.42,-0.22
2023-09-18,15225.37,15161.17,15268.96,15155.46,0.15
2023-09-15,15202.4,15425.95,15435.45,15173.71,-1.75
2023-09-14,15473.89,15433.01,15512.82,15337.18,0.82
2023-09-13,15348.52,15293.27,15414.61,15256.6,0.38
2023-09-12,15289.74,15390.59,15447.85,15278.88,-1.11
2023-09-11,15461.86,15409.77,15482.84,15328.35,1.19
2023-09-08,15280.23,15265.57,15374.22,15244.06,0.14
2023-09-07,15258.52,15174.22,15288.2,15138.73,-0.73
2023-09-06,15371.44,15467.32,15487,15289.48,-0.88
2023-09-05,15508.24,15460.52,15556.85,15419.96,0.11
2023-09-01,15490.86,15600.95,15618.85,15429.36,-0.07
2023-08-31,15501.07,15475.43,15575.01,15466.41,0.25
2023-08-30,15462.43,15386.67,15484.83,15341.94,0.56
2023-08-29,15376.55,15043.02,15391.56,15034.54,2.15
2023-08-28,15052.46,15035.48,15086.23,14948.92,0.74
2023-08-25,14941.83,14858.93,15001.29,14715.36,0.85
2023-08-24,14816.44,15278.93,15279.24,14814.83,-2.19
2023-08-23,15148.06,14947.58,15188.86,14947.58,1.6
2023-08-22,14908.96,15035.07,15037.79,14883.98,-0.19
2023-08-21,14936.69,14762.01,14958.86,14739.37,1.65
2023-08-18,14694.84,14589.71,14744.57,14557.83,-0.14
2023-08-17,14715.81,14943.34,14949.58,14698.29,-1.08
2023-08-16,14876.47,15021.63,15077.05,14874.02,-1.07
2023-08-15,15037.65,15172.08,15192.88,15014.36,-1.1
2023-08-14,15205.58,14988.42,15206.26,14972.01,1.18
2023-08-11,15028.07,15010.52,15102.53,14973.67,-0.67
2023-08-10,15128.84,15217.29,15366.29,15072.49,0.18
2023-08-09,15101.71,15286.99,15288.76,15077.91,-1.12
2023-08-08,15273.05,15279.41,15295.8,15148.25,-0.87
2023-08-07,15407.85,15355.62,15410.85,15258.92,0.87
2023-08-04,15274.92,15420.74,15523.31,15258.69,-0.51
2023-08-03,15353.54,15287.77,15436.59,15270.72,-0.11
2023-08-02,15370.74,15561.15,15561.36,15321.44,-2.21
2023-08-01,15718.01,15696.98,15748.43,15636.57,-0.25
2023-07-31,15757,15774.3,15803.55,15702.74,0.04
2023-07-28,15750.93,15630.17,15788.48,15617.75,1.85
2023-07-27,15464.93,15734.03,15795.51,15416.05,-0.22
2023-07-26,15499.26,15514.04,15571.16,15411.91,-0.4
2023-07-25,15561.42,15483.06,15622.69,15482.04,0.73
2023-07-24,15448.02,15475.15,15504.67,15374.66,0.14
2023-07-21,15425.67,15554.95,15600.54,15410.57,-0.26
2023-07-20,15466.09,15717.67,15771.84,15429.87,-2.28
2023-07-19,15826.35,15888.16,15932.05,15781.96,-0.09
2023-07-18,15841.35,15671.72,15895.68,15607.71,0.82
2023-07-17,15713.28,15608.28,15745.67,15576.51,0.95
2023-07-14,15565.6,15610,15720.06,15531,-0.04
2023-07-13,15571.98,15432.48,15602.74,15420.71,1.73
2023-07-12,15307.23,15279.35,15364.09,15209.71,1.24
2023-07-11,15119.06,15068.13,15135.29,14974.16,0.49
2023-07-10,15045.64,15031.95,15066.43,14924.64,0.06
2023-07-07,15036.85,15070.5,15210.63,15032.56,-0.35
2023-07-06,15089.45,15054.1,15106.45,14969.14,-0.75
2023-07-05,15203.78,15165.36,15275.18,15162.66,-0.03
2023-07-03,15208.69,15190.54,15232.96,15153.6,0.19
2023-06-30,15179.21,15085.24,15213.75,15081.57,1.6
2023-06-29,14939.95,14965.55,14986.89,14876.94,-0.16
2023-06-28,14964.58,14876.25,15051.08,14865.81,0.12
2023-06-27,14945.91,14751.57,14972.32,14726.75,1.75
2023-06-26,14689.02,14866.66,14982.82,14687.02,-1.36
2023-06-23,14891.48,14879.23,14983.73,14821.81,-1
2023-06-22,15042.32,14797.89,15044.22,14794.95,1.18
2023-06-21,14867.45,15019.01,15038.9,14826.02,-1.35
2023-06-20,15070.15,15036.48,15127.42,14946.72,-0.09
2023-06-16,15083.92,15272.65,15284.65,15073.45,-0.67
2023-06-15,15185.48,14949.7,15246.62,14930.12,1.2
2023-06-14,15005.69,14894.1,15017.1,14784.62,0.7
2023-06-13,14900.85,14911.26,14931.83,14770.14,0.79
2023-06-12,14784.3,14617.35,14789.6,14571.36,1.76
2023-06-09,14528.36,14574.24,14672.85,14487.48,0.3
2023-06-08,14484.54,14319.24,14503.31,14314.69,1.27
2023-06-07,14303.29,14573.27,14647.91,14283.88,-1.75
2023-06-06,14558.09,14526.1,14593.5,14476.99,0.01
2023-06-05,14556.5,14550.13,14662.95,14516.88,0.07
2023-06-02,14546.64,14517.08,14595.81,14442.15,0.73
2023-06-01,14441.51,14269.09,14493.31,14219.94,1.31
2023-05-31,14254.09,14293.56,14375.38,14216.16,-0.7
2023-05-30,14354.99,14465.59,14520.17,14301.08,0.4
2023-05-26,14298.41,13990.55,14329.49,13982.16,2.58
2023-05-25,13938.53,13920.89,13986.87,13812.18,2.46
2023-05-24,13604.48,13589.02,13655.73,13520.92,-0.5
2023-05-23,13672.54,13773.68,13827.1,13662.91,-1.28
2023-05-22,13849.74,13805.33,13893.71,13792.97,0.34
2023-05-19,13803.49,13842.69,13874.42,13763.9,-0.23
2023-05-18,13834.62,13608.95,13844.76,13606.81,1.81
2023-05-17,13589.26,13474.52,13608.33,13419.35,1.22
2023-05-16,13426.01,13385.37,13498.44,13384.77,0.09
2023-05-15,13413.51,13352.26,13419.81,13297.85,0.55
2023-05-12,13340.17,13407.02,13427.42,13256.56,-0.37
2023-05-11,13389.78,13376.85,13411.7,13306.08,0.31
2023-05-10,13347.83,13308.42,13384.42,13204.79,1.11
2023-05-09,13201.11,13228.64,13254.81,13193.88,-0.68
2023-05-08,13291.64,13247.09,13302.43,13193.08,0.25
2023-05-05,13259.13,13070.69,13291.11,13059.91,2.13
2023-05-04,12982.48,13014.08,13064.02,12938.45,-0.37
2023-05-03,13030.21,13123.1,13231.71,13026.04,-0.64
2023-05-02,13113.66,13225.48,13241.53,13046.79,-0.89
2023-05-01,13231.47,13229.11,13287.47,13186.4,-0.11
2023-04-28,13245.99,13139.35,13247.39,13096.93,0.65
2023-04-27,13160.03,12963.21,13175.62,12938.5,2.76
2023-04-26,12806.49,12866.64,12929.62,12783.42,0.64
2023-04-25,12725.11,12905.09,12933.28,12724.24,-1.89
2023-04-24,12969.76,12981.71,13044.23,12883.77,-0.24
2023-04-21,13000.77,12970.32,13030.85,12899.64,0.11
2023-04-20,12985.98,12962.29,13107.92,12933.8,-0.78
2023-04-19,13088.72,12992.51,13128.25,12988.2,-0.02
2023-04-18,13091.79,13180.31,13196.18,13044.21,0.03
2023-04-17,13087.71,13053.26,13105.68,12981.26,0.06
2023-04-14,13079.52,13044.69,13152.28,12962.51,-0.23
2023-04-13,13109.39,12922.9,13124.41,12920.02,2.03
2023-04-12,12848.35,13043.97,13071.98,12833.31,-0.89
2023-04-11,12964.16,13040.49,13049.56,12947.66,-0.67
2023-04-10,13051.23,12936.52,13051.85,12861.52,-0.09
2023-04-06,13062.6,12892.9,13078.1,12846.03,0.74
2023-04-05,12967.2,13056.79,13065.27,12894.44,-1.01
2023-04-04,13100.08,13148.35,13204.08,13049.98,-0.37
2023-04-03,13148.35,13084.1,13157.47,13036.55,-0.25
2023-03-31,13181.35,12968.96,13188.83,12968,1.68
2023-03-30,12963.14,12934.99,12987.97,12894.14,0.91
2023-03-29,12846.03,12768.14,12867.32,12734.68,1.87
2023-03-28,12610.57,12654.91,12654.91,12517.87,-0.49
2023-03-27,12673.07,12797.9,12839.42,12647.94,-0.74
2023-03-24,12767.05,12700.51,12770.28,12608.15,0.3
2023-03-23,12729.23,12735.6,12900.1,12611.67,1.29
2023-03-22,12567.15,12742.41,12943.62,12563.78,-1.37
2023-03-21,12741.44,12643.35,12762.45,12582.76,1.42
2023-03-20,12562.61,12487.79,12578.35,12407.82,0.34
2023-03-17,12519.88,12570.16,12674.34,12444.08,-0.49
2023-03-16,12581.39,12211.87,12595.69,12190.65,2.69
2023-03-15,12251.32,12083.24,12269.45,12026.18,0.42
2023-03-14,12199.79,12078.46,12217.87,12035.22,2.32
2023-03-13,11923.17,11752.1,12073.95,11695.41,0.79
2023-03-10,11830.28,12001.7,12069.62,11789.86,-1.38
2023-03-09,11995.88,12230.84,12340.45,11970.34,-1.8
2023-03-08,12215.33,12181.06,12237.72,12102.28,0.52
2023-03-07,12152.17,12303.19,12344.05,12130.01,-1.22
2023-03-06,12302.48,12344.65,12466.88,12297.57,0.09
2023-03-03,12290.81,12110.7,12300.46,12095.24,2.04
2023-03-02,12044.87,11830.09,12074.59,11830.09,0.89
2023-03-01,11938.57,12026.72,12054.48,11906.58,-0.86
2023-02-28,12042.12,12041.75,12146.52,12021.32,-0.13
2023-02-27,12057.79,12106.79,12159.64,12034.61,0.74
2023-02-24,11969.65,11979.8,12018.32,11900.84,-1.73
2023-02-23,12180.14,12224.44,12227.4,12003.31,0.94
2023-02-22,12066.27,12085.67,12156.21,12006.04,0.05
2023-02-21,12060.3,12205.21,12257.06,12058.23,-2.41
2023-02-17,12358.18,12352.3,12385.52,12233.79,-0.68
2023-02-16,12442.48,12495.07,12653.4,12440,-1.93
2023-02-15,12687.89,12531.6,12689.34,12486.42,0.77
2023-02-14,12590.89,12413.1,12627.4,12356.32,0.71
2023-02-13,12502.31,12356.5,12522.78,12313.44,1.6
2023-02-10,12304.92,12306.59,12375.72,12204.22,-0.62
2023-02-09,12381.17,12677.54,12679.54,12327.44,-0.91
2023-02-08,12495.38,12680.03,12709.45,12471.11,-1.83
2023-02-07,12728.27,12474.95,12771.58,12419.71,2.12
2023-02-06,12464.51,12468.81,12558.88,12411.88,-0.87
2023-02-03,12573.36,12520.95,12828.71,12520.95,-1.79
2023-02-02,12803.14,12655.18,12880.98,12600.76,3.56
2023-02-01,12363.1,12087.92,12458.88,12010.74,2.16
2023-01-31,12101.93,11915.94,12104.13,11915.94,1.59
2023-01-30,11912.39,12047.16,12087.68,11906.11,-2.09
2023-01-27,12166.6,12000.21,12248.15,11999.87,0.96
2023-01-26,12051.48,11972.57,12055.81,11853.37,2
2023-01-25,11814.69,11636.01,11841.81,11550.07,-0.27
2023-01-24,11846.65,11802.95,11889.37,11780.07,-0.22
2023-01-23,11872.54,11652,11918.86,11617.83,2.18
2023-01-20,11619.03,11363.85,11623.2,11329.54,2.86
2023-01-19,11295.67,11345.18,11388.47,11251.94,-1
2023-01-18,11410.29,11636.61,11690.27,11403.32,-1.27
2023-01-17,11557.19,11531.55,11615.95,11484.02,0.14
2023-01-13,11541.48,11362.13,11547.96,11347.6,0.71
2023-01-12,11459.61,11441.45,11500.86,11246.02,0.5
2023-01-11,11402.52,11259.16,11403.89,11220.75,1.76
2023-01-10,11205.78,11069.05,11207.56,11050.68,0.88
2023-01-09,11108.44,11133.07,11304.84,11085.33,0.62
2023-01-06,11040.35,10807.45,11082.59,10696.42,2.78
2023-01-05,10741.22,10837.25,10842.33,10728.26,-1.59
2023-01-04,10914.8,10949.34,10981.46,10785.53,0.48
2023-01-03,10862.64,11038.42,11093.1,10770.93,-0.7
2022-12-30,10939.76,10835.59,10942.9,10778.64,-0.1
2022-12-29,10951.05,10800.8,10981.06,10776.62,2.54
2022-12-28,10679.34,10807.12,10898.64,10671.19,-1.32
2022-12-27,10822.51,10944.3,10957.44,10807.61,-1.48
2022-12-23,10985.45,10911.04,11007.09,10830.9,0.27
2022-12-22,10956.14,11099.36,11114.23,10784.01,-2.49
2022-12-21,11235.88,11110.65,11285.77,11083.36,1.48
2022-12-20,11072.42,11023.47,11143.62,10967.07,-0.11
2022-12-19,11084.59,11243,11251.57,11029.77,-1.42
2022-12-16,11243.72,11313.64,11383.39,11175.54,-0.89
2022-12-15,11345.22,11573.38,11591.33,11300.35,-3.37
2022-12-14,11740.92,11824.54,11941.28,11617.41,-0.79
2022-12-13,11834.2,12141.24,12166.41,11724.91,1.09
2022-12-12,11706.44,11572.26,11707.71,11529.41,1.24
2022-12-09,11563.33,11594.38,11707.08,11550.31,-0.64
2022-12-08,11637.5,11543.68,11672.14,11470.68,1.22
2022-12-07,11497.39,11490.99,11577.69,11431.96,-0.45
2022-12-06,11549.68,11775.2,11790.93,11488.6,-2.01
2022-12-05,11786.8,11899.54,11957.35,11732.15,-1.73
2022-12-02,11994.26,11845.53,12027.62,11825.53,-0.4
2022-12-01,12041.9,12030.24,12115.34,11928.66,0.1
2022-11-30,12030.06,11505.74,12031.34,11481.89,4.58
2022-11-29,11503.45,11590.3,11613.33,11450.34,-0.73
2022-11-28,11587.75,11684.07,11764.83,11555.26,-1.43
2022-11-25,11756.03,11777.33,11803.91,11748.79,-0.7
2022-11-23,11838.72,11725.08,11866.42,11722.01,0.97
2022-11-22,11724.84,11590.83,11731.76,11503.34,1.48
2022-11-21,11553.45,11623.35,11664.94,11524.44,-1.06
2022-11-18,11677.02,11791.85,11794.68,11579.64,0
2022-11-17,11676.86,11521.64,11737.61,11519.38,-0.19
2022-11-16,11699.09,11767.42,11796.99,11673.14,-1.45
2022-11-15,11871.15,12006.45,12024.95,11735.4,1.45
2022-11-14,11700.94,11728.11,11863.82,11669.1,-0.98
2022-11-11,11817.01,11604.36,11840.07,11535.56,1.82
2022-11-10,11605.96,11350.42,11612.2,11235.74,7.49
2022-11-09,10797.55,10971.43,11012.66,10790.35,-2.37
2022-11-08,11059.5,11039.58,11191.9,10897.53,0.75
2022-11-07,10977,10900.83,11001.16,10817.59,1.1
2022-11-04,10857.03,10911.99,10934.62,10632.39,1.56
2022-11-03,10690.6,10769.43,10852.18,10680.83,-1.98
2022-11-02,10906.34,11300.27,11410.91,10903.48,-3.39
2022-11-01,11288.95,11571.52,11574.39,11278.28,-1.02
2022-10-31,11405.57,11465.21,11482.99,11331.26,-1.22
2022-10-28,11546.21,11176.99,11563.16,11176.99,3.17
2022-10-27,11191.63,11387.71,11417.04,11179.9,-1.88
2022-10-26,11405.9,11409.79,11657.06,11388.34,-2.26
2022-10-25,11669.99,11482.87,11681.85,11480.41,2.1
2022-10-24,11430.26,11321.11,11468.18,11166.49,1.06
2022-10-21,11310.33,10998.17,11327.77,10962.01,2.39
2022-10-20,11046.71,11081.23,11279.81,11001.28,-0.51
2022-10-19,11103.38,11081.82,11231.46,11008.11,-0.4
2022-10-18,11147.74,11368.76,11374.38,11035.8,0.77
2022-10-17,11062.53,10967.25,11090.87,10959.75,3.46
2022-10-14,10692.06,11130.08,11152.89,10677.48,-3.1
2022-10-13,11033.58,10481.58,11087.66,10440.64,2.3
2022-10-12,10785.61,10810.3,10886.49,10754.85,-0.05
2022-10-11,10791.35,10865.32,10981.91,10716.33,-1.24
2022-10-10,10926.97,11048.51,11063.21,10824.25,-1.02
2022-10-07,11039.47,11272.46,11293.65,10991.66,-3.88
2022-10-06,11485.5,11556.4,11660.55,11472.83,-0.76
2022-10-05,11573.18,11429.47,11647.62,11312.52,-0.08
2022-10-04,11582.54,11477.85,11609.25,11462.37,3.14
2022-10-03,11229.73,11059.17,11296.43,10985.01,2.36
2022-09-30,10971.22,11123.11,11296.16,10966.95,-1.73
2022-09-29,11164.78,11334.57,11339.91,11038.94,-2.86
2022-09-28,11493.83,11258.74,11546.87,11210.81,1.97
2022-09-27,11271.75,11411.34,11502.38,11175.29,0.16
2022-09-26,11254.11,11283.14,11473.36,11235.74,-0.51
2022-09-23,11311.24,11398.75,11402.41,11169.66,-1.66
2022-09-22,11501.65,11574.32,11617.99,11448.86,-1.17
2022-09-21,11637.79,11892.72,12062.52,11636.25,-1.8
2022-09-20,11851.54,11855.83,11951.13,11761.69,-0.85
2022-09-19,11953.27,11753.6,11956.79,11752.43,0.77
2022-09-16,11861.38,11775.93,11875.09,11710.25,-0.55
2022-09-15,11927.49,12034.43,12153.34,11867.88,-1.71
2022-09-14,12134.4,12092.03,12170.25,12016.43,0.84
2022-09-13,12033.62,12364.83,12420.01,12004.42,-5.54
2022-09-12,12739.72,12649.23,12752.83,12639.76,1.2
2022-09-09,12588.29,12424.15,12610.43,12424.15,2.17
2022-09-08,12321.19,12139.57,12374.13,12120.26,0.5
2022-09-07,12259.39,12038.18,12298.12,12026.98,2.07
2022-09-06,12011.31,12106.57,12152.42,11928.81,-0.72
2022-09-02,12098.44,12392.45,12451.28,12035.53,-1.44
2022-09-01,12274.62,12158.88,12290.33,12012.98,0.02
2022-08-31,12272.03,12448.07,12502.15,12268.08,-0.57
2022-08-30,12342.7,12562.4,12572.88,12240.82,-1.13
2022-08-29,12484.32,12488.46,12594.34,12440.4,-0.96
2022-08-26,12605.17,13129.91,13175.25,12603.41,-4.1
2022-08-25,13143.58,12984.74,13146.84,12951.61,1.75
2022-08-24,12917.86,12876.23,12995.14,12843.58,0.28
2022-08-23,12881.79,12885.28,13000.71,12852.7,-0.07
2022-08-22,12890.54,13056.39,13073.07,12859.82,-2.66
2022-08-19,13242.9,13370.25,13402.61,13210.82,-1.95
2022-08-18,13505.99,13474.24,13553.28,13405.74,0.26
2022-08-17,13470.86,13499.24,13591.58,13389.82,-1.21
2022-08-16,13635.21,13617.66,13720.91,13508.47,-0.23
2022-08-15,13667.18,13529.66,13685.65,13524.53,0.75
2022-08-12,13565.87,13384.65,13565.87,13341.65,2.06
2022-08-11,13291.99,13471.03,13555.38,13271.35,-0.65
2022-08-10,13378.32,13330.66,13386.85,13220.05,2.85
2022-08-09,13008.17,13064.24,13095.7,12945.6,-1.15
2022-08-08,13159.16,13227.09,13394.53,13103.8,-0.37
2022-08-05,13207.69,13107.45,13286.02,13070.36,-0.78
2022-08-04,13311.04,13253.77,13326.72,13170.44,0.44
2022-08-03,13253.26,12983.58,13289.19,12974.85,2.73
2022-08-02,12901.6,12853.04,13073.27,12809.01,-0.3
2022-08-01,12940.78,12877.04,13084.61,12833.16,-0.06
2022-07-29,12947.98,12784.2,12986.64,12726.25,1.81
2022-07-28,12717.87,12580.61,12741.83,12433.55,0.92
2022-07-27,12601.47,12299.34,12660.77,12256.93,4.26
2022-07-26,12086.9,12248.21,12259.01,12051.21,-1.96
2022-07-25,12328.41,12391.21,12415.59,12244.4,-0.55
2022-07-22,12396.47,12575.76,12662.86,12322.82,-1.77
2022-07-21,12619.41,12466.13,12620.5,12351.42,1.44
2022-07-20,12439.68,12269.07,12488.39,12232.2,1.55
2022-07-19,12249.42,12046.69,12258.37,11967.92,3.13
2022-07-18,11877.5,12089.68,12156.09,11836.52,-0.89
2022-07-15,11983.62,11896.15,11987.52,11828.13,1.83
2022-07-14,11768.4,11637.18,11801.11,11488.27,0.34
2022-07-13,11728.53,11523.91,11819.69,11498.96,-0.14
2022-07-12,11744.99,11926.84,11990.44,11684.02,-0.97
2022-07-11,11860.28,12008.76,12026.06,11830.89,-2.19
2022-07-08,12125.69,11977.95,12179.32,11956.03,0.14
2022-07-07,12109.05,11913.73,12137.71,11897.51,2.16
2022-07-06,11852.59,11807.08,11941.31,11727.36,0.62
2022-07-05,11779.91,11419.34,11781.74,11366.07,1.68
2022-07-01,11585.68,11472.63,11592.85,11378.63,0.71
2022-06-30,11503.72,11532.32,11650.97,11322.86,-1.33
2022-06-29,11658.26,11619.01,11710.21,11537.72,0.18
2022-06-28,11637.77,12021.34,12133.87,11633.13,-3.09
2022-06-27,12008.24,12157.93,12175.98,11965.67,-0.81
2022-06-24,12105.85,11826.95,12112.82,11812.18,3.49
2022-06-23,11697.68,11622.09,11729.62,11515.49,1.47
2022-06-22,11527.71,11427.74,11708.08,11423.2,-0.16
2022-06-21,11546.76,11446.99,11638.47,11446.99,2.49
2022-06-17,11265.99,11172.65,11357.97,11089.93,1.24
2022-06-16,11127.57,11286.87,11311.05,11037.21,-4.02
2022-06-15,11593.77,11468.13,11751.3,11346.54,2.49
2022-06-14,11311.69,11385.18,11418.22,11205.92,0.21
2022-06-13,11288.32,11472.19,11568.65,11254.18,-4.6
2022-06-10,11832.82,12052.59,12082.69,11825.35,-3.56
2022-06-09,12269.78,12543.37,12666.41,12265.86,-2.74
2022-06-08,12615.13,12682.81,12776.65,12578.55,-0.76
2022-06-07,12711.67,12456.49,12737.3,12413.56,0.89
2022-06-06,12599.63,12745.89,12804.46,12534.58,0.41
2022-06-03,12548.02,12650.39,12724.81,12505.76,-2.67
2022-06-02,12892.89,12498.63,12897.63,12447.77,2.75
2022-06-01,12548.36,12750.31,12820.47,12457.91,-0.74
2022-05-31,12642.1,12688.95,12762.84,12482.33,-0.31
2022-05-27,12681.42,12421.8,12682.58,12405.29,3.3
2022-05-26,12276.79,11906.83,12337.73,11901.87,2.79
2022-05-25,11943.93,11732.45,12028.89,11714.27,1.48
2022-05-24,11769.84,11807.78,11842.81,11576.11,-2.2
2022-05-23,12034.28,11867.08,12047.81,11785.76,1.68
2022-05-20,11835.62,12037.03,12044.7,11492.29,-0.34
2022-05-19,11875.63,11872.56,12066.85,11795.79,-0.44
2022-05-18,11928.31,12352.92,12389.96,11887,-5.06
2022-05-17,12564.1,12496.63,12572.99,12333.99,2.62
2022-05-16,12243.58,12297.07,12395.51,12196.21,-1.16
2022-05-13,12387.4,12125.93,12429.28,12069.13,3.7
2022-05-12,11945.5,11790.13,12128.73,11692.12,-0.18
2022-05-11,11967.56,12240.21,12470.89,11939.09,-3.06
2022-05-10,12345.86,12496.84,12537.89,12173.47,1.3
2022-05-09,12187.72,12465.91,12542.32,12136.19,-3.98
2022-05-06,12693.53,12776.86,12926.58,12522.77,-1.22
2022-05-05,12850.55,13344.79,13344.79,12710.59,-5.06
2022-05-04,13535.71,13110.3,13556.67,12887.53,3.41
2022-05-03,13089.9,13045.35,13178.74,12982.7,0.11
2022-05-02,13075.85,12864.83,13083.57,12716.62,1.72
2022-04-29,12854.8,13274.94,13428.53,12835.48,-4.47
2022-04-28,13456.06,13254.96,13542.56,13038.17,3.48
2022-04-27,13003.36,13009.4,13241.94,12936.41,-0.05
2022-04-26,13009.71,13447.66,13447.66,13009.65,-3.87
2022-04-25,13533.22,13275.41,13541.77,13239.73,1.32
2022-04-22,13356.87,13714.63,13769.4,13342.79,-2.65
2022-04-21,13720.45,14174.92,14277.21,13682.68,-1.99
2022-04-20,13998.53,14246.2,14263.61,13962.86,-1.49
2022-04-19,14210.26,13882.75,14236.51,13844.74,2.15
2022-04-18,13910.76,13859.47,13997.92,13788.96,0.13
2022-04-14,13893.22,14225.47,14235.39,13884.82,-2.28
2022-04-13,14217.29,13939.61,14258.81,13919.48,1.99
2022-04-12,13940.24,14175.66,14264.74,13882.75,-0.36
2022-04-11,13990.2,14149.6,14187.67,13979.14,-2.35
2022-04-08,14327.26,14450.53,14490.19,14307.68,-1.41
2022-04-07,14531.81,14469.5,14624.24,14315.69,0.23
2022-04-06,14498.89,14600.3,14639.35,14395.4,-2.17
2022-04-05,14820.64,15109.27,15120.67,14782.57,-2.24
2022-04-04,15159.58,14903.38,15161.89,14884.57,2.01
2022-04-01,14861.21,14886.91,14925.93,14723.83,0.15
2022-03-31,14838.49,15074.24,15088.38,14835.16,-1.55
2022-03-30,15071.55,15177.15,15229.01,15010.34,-1.1
2022-03-29,15239.32,15142.93,15265.42,15039.61,1.68
2022-03-28,14987.4,14763.16,14989.08,14705.92,1.58
2022-03-25,14754.31,14766.9,14805.88,14577.59,-0.08
2022-03-24,14765.69,14529.72,14767.73,14440.67,2.2
2022-03-23,14447.55,14525.22,14681.33,14446.04,-1.41
2022-03-22,14654.33,14396.03,14688.97,14385.55,1.94
2022-03-21,14376.09,14377.15,14470.68,14190.53,-0.31
2022-03-18,14420.08,14061.29,14427.47,14014.43,2.14
2022-03-17,14118.6,13878.99,14125.67,13827.34,1.16
2022-03-16,13956.78,13633.12,13960.25,13475.09,3.7
2022-03-15,13458.56,13174.97,13488.18,13092.45,3.16
2022-03-14,13046.64,13248.09,13386.67,13020.4,-1.92
2022-03-11,13301.83,13701.8,13714.44,13285.19,-2.13
2022-03-10,13591,13577.84,13633.69,13399.46,-1.1
2022-03-09,13742.2,13610.48,13793.11,13504.48,3.58
2022-03-08,13267.6,13275.23,13663.27,13129.4,-0.39
2022-03-07,13319.38,13853.53,13879.1,13314.44,-3.75
2022-03-04,13837.83,13957.6,13992.97,13738.61,-1.41
2022-03-03,14035.21,14339.7,14342.56,13965.11,-1.46
2022-03-02,14243.69,14075.11,14292.72,13962.69,1.7
2022-03-01,14005.99,14197.66,14271.58,13906.92,-1.63
2022-02-28,14237.81,14058.61,14296.6,14009.36,0.34
2022-02-25,14189.16,13973.9,14193,13850.29,1.53
2022-02-24,13974.67,13065.44,13989.1,13065.44,3.44
2022-02-23,13509.43,14016.94,14035.93,13502.58,-2.6
2022-02-22,13870.53,13892.81,14109.26,13720.92,-0.99
2022-02-18,14009.54,14207.55,14225.72,13918.76,-1.14
2022-02-17,14171.74,14485.08,14497.46,14155.43,-2.96
2022-02-16,14603.64,14514.84,14647.79,14399.29,-0.12
2022-02-15,14620.82,14482.11,14624.53,14444.46,2.47
2022-02-14,14268.59,14233.4,14400.78,14119.73,0.1
2022-02-11,14253.84,14739.46,14769.64,14194.54,-3.07
2022-02-10,14705.64,14770.67,15037.26,14636.61,-2.33
2022-02-09,15056.96,14930.99,15057.9,14870.36,2.1
2022-02-08,14747.03,14533.25,14785.22,14485.78,1.21
2022-02-07,14571.25,14716.43,14813.86,14524.63,-0.84
2022-02-04,14694.35,14566.28,14832.05,14452.28,1.33
2022-02-03,14501.11,14693.85,14856.51,14471.19,-4.22
2022-02-02,15139.74,15173.03,15196.4,14960.85,0.8
2022-02-01,15019.68,14966.6,15034.42,14749.49,0.6
2022-01-31,14930.05,14505.07,14934.52,14442.88,3.29
2022-01-28,14454.61,14091.32,14457.78,13880.48,3.22
2022-01-27,14003.11,14346.46,14419.45,13972.88,-1.2
2022-01-26,14172.76,14492.52,14646.54,14006.4,0.17
2022-01-25,14149.12,14237.6,14410.43,14033.81,-2.48
2022-01-24,14509.58,14160.91,14532.57,13724.85,0.49
2022-01-21,14438.4,14728.66,14868.45,14432.64,-2.75
2022-01-20,14846.46,15176.38,15347.62,14832.69,-1.34
2022-01-19,15047.84,15287.25,15382,15038.43,-1.07
2022-01-18,15210.76,15378.06,15446.3,15182.96,-2.57
2022-01-14,15611.59,15396.47,15617.18,15396.47,0.75
2022-01-13,15495.62,15970.09,15990.38,15468.09,-2.57
2022-01-12,15905.1,15955.48,16017.39,15815.94,0.38
2022-01-11,15844.12,15582.72,15848.56,15496.91,1.47
2022-01-10,15614.43,15383.18,15627.92,15165.53,0.14
2022-01-07,15592.19,15774.13,15835,15526.8,-1.1
2022-01-06,15765.36,15675.22,15900.6,15608.57,-0.04
2022-01-05,15771.77,16190.55,16249.23,15763.84,-3.12
2022-01-04,16279.73,16513.87,16513.87,16151.91,-1.35
2022-01-03,16501.77,16395.51,16504.13,16306.64,1.11
2021-12-31,16320.08,16411.26,16464.62,16317.26,-0.66
2021-12-30,16429.1,16485.4,16569.62,16415.12,-0.38
2021-12-29,16491.01,16510.63,16548.92,16396.16,0.01
2021-12-28,16488.66,16602.92,16607.19,16458.49,-0.48
2021-12-27,16567.5,16361.07,16567.64,16361.07,1.59
2021-12-23,16308.21,16203.76,16360.75,16188.02,0.79
2021-12-22,16180.14,15963.54,16186.25,15947.56,1.21
2021-12-21,15986.28,15794.38,15997.61,15617.48,2.29
2021-12-20,15627.64,15566.83,15662.61,15508.74,-1.1
2021-12-17,15801.46,15714.54,15960.25,15664.1,-0.39
2021-12-16,15863.94,16335.03,16340.53,15802.64,-2.61
2021-12-15,16289.59,15908.45,16301.27,15746.94,2.35
2021-12-14,15914.9,15877.65,15995.21,15742.8,-1.04
2021-12-13,16082.55,16317.9,16332.63,16075.54,-1.53
2021-12-10,16331.98,16278.3,16339.12,16139,1.13
2021-12-09,16149.57,16337.81,16413.28,16141.39,-1.49
2021-12-08,16394.34,16313.88,16401.1,16250.39,0.42
2021-12-07,16325.66,16139.56,16343.67,16128.44,3.03
2021-12-06,15846.16,15744.91,15898.59,15557.78,0.85
2021-12-03,15712.04,16039.41,16089.61,15543.31,-1.74
2021-12-02,15990.76,15791.3,16066.32,15770.92,0.71
2021-12-01,15877.72,16347.96,16427.19,15864,-1.6
2021-11-30,16135.92,16333.95,16454.56,16073.76,-1.61
2021-11-29,16399.24,16263.43,16437.16,16214.56,2.33
2021-11-26,16025.58,16237.42,16302.58,15988.95,-2.09
2021-11-24,16367.81,16202.26,16370.56,16106.02,0.37
2021-11-23,16306.72,16330.18,16417.5,16121.69,-0.45
2021-11-22,16380.98,16644.77,16764.85,16374.78,-1.16
2021-11-19,16573.34,16558.56,16625.86,16523.83,0.55
2021-11-18,16482.97,16398.76,16501.92,16309.51,1.07
2021-11-17,16308.07,16329.07,16398.95,16276.77,-0.01
2021-11-16,16309.77,16170.29,16329.5,16156.69,0.75
2021-11-15,16189.11,16227.01,16256.73,16096.37,-0.07
2021-11-12,16199.89,16078.13,16218.55,16012.78,1.04
2021-11-11,16032.47,16114.05,16116.25,16019.39,0.29
2021-11-10,15985.57,16087.01,16224.51,15905.28,-1.44
2021-11-09,16219.93,16389.99,16401.89,16168.63,-0.71
2021-11-08,16336.03,16351.49,16401.93,16314,-0.14
2021-11-05,16359.38,16397.59,16454.48,16302.06,0.08
2021-11-04,16346.24,16193.22,16387.95,16169.56,1.25
2021-11-03,16144.5,16000.6,16157.6,15950.59,1.08
2021-11-02,15972.49,15885.34,15988.33,15877.27,0.42
2021-11-01,15905.28,15879.61,15910.35,15785.31,0.35
2021-10-29,15850.47,15638.74,15856.9,15638.74,0.46
2021-10-28,15778.16,15674.39,15784,15650.01,1.15
2021-10-27,15598.39,15603.16,15729.75,15578.68,0.25
2021-10-26,15559.49,15615.36,15710.79,15518.59,0.29
2021-10-25,15514.19,15417.25,15555.65,15338.49,1.04
2021-10-22,15355.07,15422.07,15474.28,15291.95,-0.87
2021-10-21,15489.59,15365.81,15497.58,15350.5,0.66
2021-10-20,15388.71,15448,15457.11,15333.43,-0.14
2021-10-19,15410.72,15349.45,15414.97,15320.62,0.72
2021-10-18,15300.89,15091.58,15307.51,15074.71,1.02
2021-10-15,15146.92,15106.97,15150.14,15064.59,0.63
2021-10-14,15052.42,14925.58,15059.89,14901.59,1.88
2021-10-13,14774.6,14751.8,14800.83,14676.58,0.77
2021-10-12,14662.11,14772.29,14784.78,14636.33,-0.35
2021-10-11,14713.73,14765.69,14907.57,14709.05,-0.72
2021-10-08,14820.75,14942.35,14948.35,14805.5,-0.51
2021-10-07,14897.13,14899.07,15010.32,14878.22,0.88
2021-10-06,14766.75,14529.89,14775.64,14499.48,0.63
2021-10-05,14674.15,14533.43,14763.64,14520.23,1.4
2021-10-04,14472.12,14713.6,14727.6,14384.93,-2.16
2021-10-01,14791.87,14731.38,14830.84,14555.12,0.7
2021-09-30,14689.62,14830.3,14888.22,14684.55,-0.43
2021-09-29,14752.89,14835.51,14914.92,14727.41,-0.12
2021-09-28,14770.3,15001.98,15040.57,14758.98,-2.86
2021-09-27,15204.83,15205.23,15240.58,15106.45,-0.81
2021-09-24,15329.68,15222.97,15345.54,15209.16,0.09
2021-09-23,15316.58,15231.19,15356.92,15199.43,0.92
2021-09-22,15176.51,15073.95,15230.34,15029.9,0.99
2021-09-21,15027.77,15096.98,15139.9,14986.98,0.1
2021-09-20,15012.18,15068.65,15157.26,14821.03,-2.1
2021-09-17,15333.47,15481.43,15485.21,15291.04,-1.18
2021-09-16,15515.91,15452.67,15539.14,15370.88,0.08
2021-09-15,15503.53,15419.95,15518.95,15316.4,0.78
2021-09-14,15382.9,15505.78,15525.97,15352.06,-0.33
2021-09-13,15434.5,15545.66,15562.28,15351.7,-0.04
2021-09-10,15440.75,15648.05,15673.5,15433.43,-0.77
2021-09-09,15561.05,15639.44,15675.46,15556.74,-0.38
2021-09-08,15620.85,15669.01,15669.01,15528.45,-0.35
2021-09-07,15675.76,15662.3,15701.4,15610.23,0.15
2021-09-03,15652.86,15578.96,15668.12,15554.97,0.31
2021-09-02,15604.25,15656.28,15681.75,15554.29,-0.05
2021-09-01,15611.57,15637.13,15696.42,15603.67,0.19
2021-08-31,15582.51,15601.34,15604.45,15522.78,-0.14
2021-08-30,15605.09,15460.93,15620.62,15459.74,1.12
2021-08-27,15432.95,15305.75,15447.03,15292.74,1.01
2021-08-26,15278.52,15348.98,15369.28,15265.23,-0.59
2021-08-25,15368.92,15384.83,15404.36,15341.92,0.07
2021-08-24,15357.68,15338.92,15384.42,15319.55,0.29
2021-08-23,15312.82,15140.14,15341.47,15140.14,1.46
2021-08-20,15092.57,14974.06,15103.94,14968.87,1.06
2021-08-19,14933.93,14773.19,15000.19,14773.19,0.51
2021-08-18,14857.92,14975.02,15039.9,14846.51,-0.97
2021-08-17,15002.83,15018.94,15062.7,14906.22,-0.91
2021-08-16,15140.77,15090.05,15142.03,14931.15,0.03
2021-08-13,15136.68,15101.84,15150.48,15079.3,0.32
2021-08-12,15088.98,15012.6,15097.91,14956.25,0.41
2021-08-11,15027.76,15101.82,15127.78,14972.6,-0.17
2021-08-10,15053.58,15157.37,15169.45,15010.16,-0.53
2021-08-09,15133.11,15136.14,15154.68,15081.75,0.16
2021-08-06,15109.36,15125.74,15162.34,15063.02,-0.48
2021-08-05,15181.64,15105.4,15184.27,15083.83,0.65
2021-08-04,15083.39,15059.17,15117.38,15017.14,0.15
2021-08-03,15061.42,14997.2,15063.66,14864.53,0.65
2021-08-02,14963.62,15046.1,15059.89,14945.13,0.02
2021-07-30,14959.9,14882.39,14990.86,14882.39,-0.59
2021-07-29,15048.36,15015.3,15091.96,15004.42,0.2
2021-07-28,15018.1,15005.17,15078.85,14913.55,0.41
2021-07-27,14956.97,15103.01,15107.74,14787.8,-1.12
2021-07-26,15125.95,15088.28,15142.35,15048.23,0.09
2021-07-23,15111.79,15004.43,15125.84,14948.04,1.15
2021-07-22,14940.17,14865.47,14941.38,14865.47,0.66
2021-07-21,14842.63,14723.67,14843.17,14710.11,0.78
2021-07-20,14728.21,14601.33,14790.6,14530.78,1.23
2021-07-19,14549.09,14517.96,14578.96,14455.07,-0.9
2021-07-16,14681.38,14842.08,14875.97,14667.1,-0.77
2021-07-15,14794.69,14903.49,14907.51,14717.55,-0.71
2021-07-14,14900.44,14984.86,15001.13,14871.73,0.17
2021-07-13,14874.54,14871.04,15002.28,14843.8,-0.02
2021-07-12,14877.89,14878.71,14899.46,14813.79,0.35
2021-07-09,14826.09,14709.33,14838.72,14685.54,0.71
2021-07-08,14722.14,14577.67,14763.67,14551.76,-0.6
2021-07-07,14810.53,14889.76,14891.19,14735.75,0.16
2021-07-06,14786.36,14755.15,14797.45,14635.31,0.4
2021-07-02,14727.63,14633.51,14738.14,14626.82,1.15
2021-07-01,14560.05,14530.63,14576.64,14483.42,0.04
2021-06-30,14554.8,14560.07,14582.3,14530.87,-0.12
2021-06-29,14572.75,14523.63,14575.19,14481.84,0.33
2021-06-28,14524.98,14401.63,14530.07,14400.59,1.25
2021-06-25,14345.18,14396.63,14401.71,14324.26,-0.14
2021-06-24,14365.96,14358.3,14429.14,14337.65,0.64
2021-06-23,14274.24,14275.09,14324.74,14247.58,0.03
2021-06-22,14270.42,14140.3,14288.49,14128.01,0.94
2021-06-21,14137.23,14055.03,14150.91,13967.89,0.62
2021-06-18,14049.58,14125.12,14140.61,14024.6,-0.81
2021-06-17,14163.81,13946.7,14205.43,13946.52,1.29
2021-06-16,13983.01,14053.12,14100.11,13843.6,-0.34
2021-06-15,14030.41,14120.81,14126.25,14008.93,-0.69
2021-06-14,14128.2,14002.14,14129.33,13963.94,0.93
2021-06-11,13998.3,13959.47,13998.65,13934,0.27
2021-06-10,13960.35,13834.26,13962.99,13817.83,1.05
2021-06-09,13814.94,13865.51,13900.71,13811.05,0.03
2021-06-08,13810.86,13873.46,13913.4,13746.42,0.06
2021-06-07,13802.89,13744.15,13808.42,13710.11,0.23
2021-06-04,13770.77,13619.79,13784.77,13613.58,1.78
2021-06-03,13529.68,13568.91,13608.54,13469.85,-1.07
2021-06-02,13675.79,13655.71,13712.68,13610.16,0.16
2021-06-01,13654.59,13764.27,13773.45,13602.12,-0.23
2021-05-28,13686.51,13717,13765.8,13684.83,0.21
2021-05-27,13657.85,13686.86,13724.76,13652.13,-0.33
2021-05-26,13702.74,13687.71,13726.06,13661.06,0.33
2021-05-25,13657.73,13701.3,13734.41,13614.54,0.12
2021-05-24,13641.75,13504.39,13687.6,13500.12,1.71
2021-05-21,13411.74,13573.22,13573.84,13401.53,-0.61
2021-05-20,13494.09,13294.59,13526.01,13293.1,1.94
2021-05-19,13237.91,12998.53,13243.98,12994.35,0.15
2021-05-18,13217.68,13352.26,13400.52,13212.85,-0.72
2021-05-17,13312.91,13329.86,13350.14,13196.57,-0.6
2021-05-14,13393.11,13238.99,13430,13220.18,2.17
2021-05-13,13109.15,13133.73,13226.64,13006.77,0.83
2021-05-12,13001.63,13155.07,13236.89,12967.18,-2.62
2021-05-11,13351.27,13102.64,13381.66,13094.76,-0.06
2021-05-10,13359.08,13647.73,13648.49,13358.62,-2.63
2021-05-07,13719.63,13715.56,13814.66,13669.78,0.78
2021-05-06,13613.73,13490.94,13617.33,13403.46,0.82
2021-05-05,13503.37,13649.12,13676.86,13478.58,-0.3
2021-05-04,13544.67,13680.63,13705.38,13396.11,-1.85
2021-05-03,13799.72,13923.04,13955,13784.66,-0.44
2021-04-30,13860.76,13857.79,13969.2,13838.82,-0.78
2021-04-29,13970.2,14063.94,14073.48,13836.1,0.49
2021-04-28,13901.62,13953.61,13992.08,13895.15,-0.42
2021-04-27,13960.28,14048.13,14048.34,13931.18,-0.47
2021-04-26,14026.16,13954.94,14039.4,13919.93,0.61
2021-04-23,13941.44,13794.49,13989.43,13789.45,1.3
2021-04-22,13762.36,13920.88,13954.03,13716.76,-1.24
2021-04-21,13935.15,13768.92,13939.7,13717.44,0.91
2021-04-20,13809.3,13891.96,13934.89,13730.59,-0.71
2021-04-19,13907.67,13970.83,14025.64,13835.75,-0.96
2021-04-16,14041.91,14035.96,14050.38,13966.54,0.11
2021-04-15,14026.19,13934.87,14040.11,13931.01,1.61
2021-04-14,13803.91,13988.86,13990.54,13782.17,-1.31
2021-04-13,13986.49,13874.58,14002.53,13874.58,1.21
2021-04-12,13819.35,13792.74,13839.39,13747.63,-0.19
2021-04-09,13845.06,13709.67,13849.31,13674.92,0.63
2021-04-08,13758.5,13730.73,13763.18,13703.51,1.04
2021-04-07,13616.7,13553.9,13648.8,13532.63,0.28
2021-04-06,13578.46,13567.2,13660.29,13551.6,-0.14
2021-04-05,13598.16,13434.04,13623.6,13420.81,2.02
2021-04-01,13329.51,13268.88,13333.41,13255.82,1.82
2021-03-31,13091.44,12970.33,13167.06,12966.65,1.51
2021-03-30,12896.53,12904.01,12929.46,12798.03,-0.53
2021-03-29,12965.74,12950.51,13013.48,12836.6,-0.1
2021-03-26,12979.12,12777.27,12992.3,12721.66,1.55
2021-03-25,12780.51,12707.58,12845.66,12627.92,-0.14
2021-03-24,12798.88,13072.82,13077.49,12797.84,-1.68
2021-03-23,13017.79,13127.17,13180.66,12993.5,-0.53
2021-03-22,13086.51,12943.14,13167.46,12943.14,1.71
2021-03-19,12866.99,12792.67,12906.02,12704.07,0.61
2021-03-18,12789.14,13006.29,13040.36,12781.53,-3.13
2021-03-17,13202.38,13024.83,13280.29,12950.08,0.38
2021-03-16,13152.28,13156.65,13297.48,13091.78,0.53
2021-03-15,13082.54,12936.13,13085.01,12885.64,1.12
2021-03-12,12937.29,12873.39,12943.58,12778.12,-0.89
2021-03-11,13052.9,12960.53,13117.86,12920,2.36
2021-03-10,12752.07,12950.25,12979.38,12726.85,-0.33
2021-03-09,12794.49,12635.45,12868.52,12592.83,4.03
2021-03-08,12299.08,12629.56,12718.58,12287.57,-2.92
2021-03-05,12668.51,12594.16,12700.95,12208.39,1.64
2021-03-04,12464,12655.92,12799.08,12314.16,-1.73
2021-03-03,12683.33,13020.1,13057.29,12679.89,-2.88
2021-03-02,13059.95,13297.76,13301.62,13052.12,-1.68
2021-03-01,13282.95,13106.02,13293.78,13051.7,2.89
2021-02-26,12909.44,12958.97,13090.36,12764.34,0.63
2021-02-25,12828.31,13197.75,13294.56,12773.76,-3.56
2021-02-24,13302.19,13095.86,13312.42,12971.82,0.81
2021-02-23,13194.71,12982.36,13259.85,12758.12,-0.22
2021-02-22,13223.74,13414.04,13447.37,13220.77,-2.63
2021-02-19,13580.78,13686.23,13701.69,13545.45,-0.42
2021-02-18,13637.51,13556.01,13669.94,13477.17,-0.45
2021-02-17,13699.71,13636.15,13713.14,13552.67,-0.54
2021-02-16,13773.77,13841.03,13879.77,13726.77,-0.25
2021-02-12,13807.7,13695.9,13816.25,13656.78,0.53
2021-02-11,13734.35,13723.63,13747.2,13637.19,0.58
2021-02-10,13655.27,13751.42,13770.91,13531.93,-0.23
2021-02-09,13687.08,13667.14,13741.79,13664.7,-0.06
2021-02-08,13695.02,13672.33,13698.41,13607.96,0.67
2021-02-05,13603.96,13592.77,13642.96,13527.81,0.32
2021-02-04,13560.89,13454.85,13563.13,13406.44,1.18
2021-02-03,13402.37,13555.03,13561.45,13400.08,-0.4
2021-02-02,13456.12,13371.36,13501.23,13363.75,1.56
2021-02-01,13248.9,13067.65,13280.22,12983.1,2.5
2021-01-29,12925.38,13124.7,13167.87,12845.43,-2.09
2021-01-28,13201.53,13163.32,13401.85,13150.1,0.68
2021-01-27,13112.65,13371.16,13393.51,13034.14,-2.8
2021-01-26,13490.19,13507.47,13536.3,13440.32,0.05
2021-01-25,13483.29,13515.63,13563.7,13205.59,0.87
2021-01-22,13366.4,13356.18,13404.77,13336.9,-0.29
2021-01-21,13404.99,13356.7,13433.69,13297.79,0.82
2021-01-20,13296.45,13155.11,13332.26,13138.31,2.31
2021-01-19,12996.54,12921.61,13012.09,12861.3,1.5
2021-01-15,12803.93,12898.09,12941.29,12758.1,-0.73
2021-01-14,12898.69,13010.94,13037.05,12886.16,-0.58
2021-01-13,12973.63,12911.87,13008.84,12878.02,0.63
2021-01-12,12892.09,12916.1,12957.43,12783.71,-0.08
2021-01-11,12902.49,12961.5,13023.22,12883.59,-1.55
2021-01-08,13105.2,13037.24,13113.09,12939.73,1.28
2021-01-07,12939.57,12745.41,12966.68,12744.82,2.51
2021-01-06,12623.35,12601.26,12803.29,12569.42,-1.4
2021-01-05,12802.38,12663.13,12809.67,12663.13,0.85
2021-01-04,12694.67,12950.22,12950.22,12537.42,-1.5
2020-12-31,12888.28,12852.96,12904.09,12804.75,0.33
2020-12-30,12845.36,12900.03,12917.45,12828.79,0.01
2020-12-29,12843.49,12909.86,12925.53,12816.59,0.04
2020-12-28,12838.86,12813.97,12861.91,12747.05,1.01
2020-12-24,12711.01,12668.19,12732.55,12665.8,0.46
2020-12-23,12653.14,12733.75,12737.59,12649.6,-0.51
2020-12-22,12717.56,12715.48,12761.23,12606.42,0.22
2020-12-21,12690.26,12575.6,12706.44,12474.03,-0.38
2020-12-18,12738.18,12786.92,12793.47,12611.22,-0.11
2020-12-17,12752.06,12741.64,12760.97,12685.98,0.66
2020-12-16,12668.16,12607.87,12698.11,12568.71,0.57
2020-12-15,12595.92,12565.28,12596.84,12467.57,1.07
2020-12-14,12462.21,12427.86,12544.31,12426.25,0.7
2020-12-11,12375.41,12327.07,12378.61,12236.8,-0.21
2020-12-10,12401.74,12268.47,12447.85,12226.13,0.3
2020-12-09,12364.64,12626.97,12643.24,12311.3,-2.15
2020-12-08,12635.72,12574.84,12651.35,12504.97,0.31
2020-12-07,12596.47,12523.57,12610,12523.12,0.54
2020-12-04,12528.48,12479.91,12531.21,12450.51,0.49
2020-12-03,12467.13,12469.16,12538.92,12445.36,0.09
2020-12-02,12456.41,12390.58,12472.25,12318.27,0.01
2020-12-01,12455.33,12387.62,12510.02,12338.36,1.52
2020-11-30,12268.32,12278.78,12299.61,12090.93,0.08
2020-11-27,12258.21,12220.37,12306.71,12214.44,0.87
2020-11-25,12152.22,12112.11,12174.99,12081.51,0.6
2020-11-24,12079.81,11952.7,12094.16,11878.31,1.46
2020-11-23,11905.94,11959.89,12001.83,11817.53,0
2020-11-20,11906.44,11976,12017.42,11903.57,-0.66
2020-11-19,11985.43,11863.12,12000.29,11842.67,0.76
2020-11-18,11894.71,11963.36,12027.15,11892.54,-0.69
2020-11-17,11977.49,12030.27,12047.13,11964.2,-0.3
2020-11-16,12013.39,11925.36,12035.5,11891.85,0.63
2020-11-13,11937.84,11910.62,11957.09,11808.94,0.94
2020-11-12,11827.14,11924.15,11976.89,11786.09,-0.55
2020-11-11,11892.93,11734.82,11904.13,11714.32,2.31
2020-11-10,11624.29,11704.46,11761.95,11512.46,-1.74
2020-11-09,11830.39,12194.71,12268.66,11818.24,-2.16
2020-11-06,12091.35,12044.29,12116.91,11895.5,0.11
2020-11-05,12078.07,12021.77,12117.04,11977.07,2.56
2020-11-04,11777.02,11627.76,11846.46,11564.91,4.41
2020-11-03,11279.91,11155.84,11356.08,11115.55,1.76
2020-11-02,11084.76,11152.48,11222.52,10957.11,0.29
2020-10-30,11052.95,11265.7,11293.76,10960.02,-2.62
2020-10-29,11350.74,11214.33,11467.37,11187.08,1.87
2020-10-28,11142.76,11400.48,11426.1,11136.1,-3.93
2020-10-27,11598.94,11560.86,11633.49,11503.1,0.82
2020-10-26,11504.52,11584.17,11708.08,11360.73,-1.61
2020-10-23,11692.57,11680.73,11693.01,11569.09,0.25
2020-10-22,11662.91,11712.64,11739.22,11529.73,-0.02
2020-10-21,11665.37,11686.19,11789.46,11646.48,-0.11
2020-10-20,11677.84,11679.08,11801.4,11613.76,0.37
2020-10-19,11634.35,11913.01,11962.47,11606.48,-1.84
2020-10-16,11852.17,11952.12,12034.13,11824.14,-0.39
2020-10-15,11898.57,11767.27,11928.63,11765.49,-0.72
2020-10-14,11985.36,12105.1,12159.21,11913.57,-0.81
2020-10-13,12083.17,12131.07,12187.78,12032.75,-0.04
2020-10-12,12088.11,11900.12,12204.75,11880.23,3.09
2020-10-09,11725.85,11615.57,11727.6,11600.86,1.51
2020-10-08,11550.94,11576.44,11582.78,11510.24,0.42
2020-10-07,11503.19,11412.65,11519.55,11382.49,1.88
2020-10-06,11291.27,11476.67,11536.42,11256.26,-1.89
2020-10-05,11509.06,11345.24,11512.06,11336.07,2.25
2020-10-02,11255.69,11328.85,11479.08,11225.17,-2.83
2020-10-01,11583.2,11554.96,11606.73,11488.59,1.45
2020-09-30,11418.06,11328.55,11535.01,11328.55,0.84
2020-09-29,11322.95,11354.7,11396.22,11305.79,-0.37
2020-09-28,11364.45,11332.32,11369.4,11243.24,1.91
2020-09-25,11151.13,10910.5,11177.74,10851.68,2.34
2020-09-24,10896.47,10746.35,11026.43,10728.41,0.58
2020-09-23,10833.33,11167.22,11179.59,10806.05,-3.16
2020-09-22,11186.37,11082.09,11207.08,10943.26,1.88
2020-09-21,10980.22,10768.01,10984.76,10677.85,0.4
2020-09-18,10936.98,11147.8,11153.97,10769.4,-1.3
2020-09-17,11080.95,10965.74,11160.04,10936.8,-1.48
2020-09-16,11247.6,11467.9,11486.09,11242.96,-1.67
2020-09-15,11438.87,11432.94,11495.4,11367.2,1.43
2020-09-14,11277.76,11250.8,11363.25,11192.82,1.72
2020-09-11,11087.4,11251.19,11280.41,10945.22,-0.6
2020-09-10,11154.12,11501.43,11566.34,11095.94,-2.12
2020-09-09,11395.85,11308.25,11480.37,11197.13,2.96
2020-09-08,11068.26,11143.91,11400.45,11055.16,-4.77
2020-09-04,11622.13,11686.24,11846.18,11145.99,-1.27
2020-09-03,11771.36,12195.75,12235,11662.1,-5.23
2020-09-02,12420.54,12417.45,12439.48,12176.18,1.04
2020-09-01,12292.86,12203.36,12300.44,12132.78,1.5
2020-08-31,12110.7,12017.46,12167.46,12000.11,0.96
2020-08-28,11995.85,11992.68,12018.14,11928.69,0.58
2020-08-27,11926.16,11997.89,12047.99,11842.84,-0.38
2020-08-26,11971.94,11779.35,11979.65,11768,2.13
2020-08-25,11721.81,11610.58,11723.94,11580.89,0.82
2020-08-24,11626.17,11703.34,11728.09,11535.55,0.61
2020-08-21,11555.16,11476.85,11574.79,11461.53,0.68
2020-08-20,11477.05,11277.05,11497.18,11268.46,1.4
2020-08-19,11318.64,11397.23,11440.22,11303.4,-0.71
2020-08-18,11399.03,11339.76,11421.1,11279.08,0.98
2020-08-17,11288.57,11231.97,11306.47,11228.14,1.11
2020-08-14,11164.45,11187.82,11213.27,11106.93,-0.12
2020-08-13,11178.37,11174.64,11271.22,11139.64,0.19
2020-08-12,11157.72,10972.07,11190.25,10970.87,2.59
2020-08-11,10876.08,11039.68,11090.92,10855.06,-1.89
2020-08-10,11085.17,11153.51,11159.38,10941.87,-0.49
2020-08-07,11139.39,11235.24,11276.3,11044.6,-1.13
2020-08-06,11267.08,11116.49,11282.24,11090.5,1.27
2020-08-05,11125.44,11107.24,11141.68,11077.7,0.26
2020-08-04,11096.54,11048.5,11097.85,11002.55,0.38
2020-08-03,11055.08,11018.02,11085.5,10997.67,1.37
2020-07-31,10905.88,10886.36,10908.34,10707.4,1.78
2020-07-30,10715.51,10578.62,10737.03,10531.79,0.49
2020-07-29,10662.98,10602.4,10694.88,10587.19,1.24
2020-07-28,10532.5,10644.33,10662.19,10527.43,-1.33
2020-07-27,10674.38,10547.11,10689.55,10527.64,1.82
2020-07-24,10483.13,10389.53,10543.42,10313.94,-0.92
2020-07-23,10580.59,10853.16,10885.38,10531.22,-2.67
2020-07-22,10870.75,10850.92,10910.24,10776.24,0.35
2020-07-21,10833.07,11015.54,11017.43,10800.87,-1.09
2020-07-20,10952.08,10672.96,10971.52,10621.9,2.88
2020-07-17,10645.22,10651.59,10680.7,10558.78,0.18
2020-07-16,10626.46,10589.86,10658.9,10495.09,-0.7
2020-07-15,10701.68,10752.11,10780.4,10570.96,0.11
2020-07-14,10689.52,10502.85,10701.88,10370.79,0.82
2020-07-13,10602.21,10951.54,11069.26,10574.56,-2.16
2020-07-10,10836.33,10751.77,10842.78,10639.48,0.76
2020-07-09,10754.59,10745.87,10785.96,10574.97,0.82
2020-07-08,10666.7,10594.41,10669.13,10528.82,1.36
2020-07-07,10524.01,10595.94,10704.93,10516.63,-0.75
2020-07-06,10604.06,10487.7,10625.09,10485.82,2.54
2020-07-02,10341.89,10386.38,10432.55,10328.77,0.61
2020-07-01,10279.25,10160.41,10321.77,10142.75,1.21
2020-06-30,10156.85,9970.21,10185.35,9956.83,1.96
2020-06-29,9961.16,9850.55,9965.08,9742.89,1.14
2020-06-26,9849.36,10087.08,10093.98,9837.74,-2.5
2020-06-25,10101.83,10003.5,10110.29,9901.21,0.99
2020-06-24,10002.7,10183.77,10232.42,9943.24,-2.03
2020-06-23,10209.82,10192.42,10306.9,10172.07,0.78
2020-06-22,10130.33,10009,10134.64,9989.49,1.22
2020-06-19,10008.64,10104.63,10121.67,9937.82,-0.03
2020-06-18,10012.05,9972.35,10018.56,9942.11,0.3
2020-06-17,9982.48,9998.86,10058.65,9952.5,0.33
2020-06-16,9949.37,9983.65,10010.89,9801.45,1.76
2020-06-15,9776.89,9517.14,9809.41,9489.58,1.17
2020-06-12,9663.77,9785.58,9849.01,9499.09,0.79
2020-06-11,9588.48,9907.56,9978.19,9586.25,-5.01
2020-06-10,10094.26,10037.98,10155.2,10022.44,1.28
2020-06-09,9967.17,9861.18,10006.9,9859,0.66
2020-06-08,9901.52,9805.69,9904.51,9753.87,0.79
2020-06-05,9824.39,9673.09,9846.63,9659.45,2.02
2020-06-04,9629.66,9672.17,9741.97,9577.7,-0.77
2020-06-03,9704.69,9689.72,9729.69,9648.93,0.49
2020-06-02,9657.31,9603.18,9660.08,9511.88,0.61
2020-06-01,9598.89,9526.43,9609.38,9515.34,0.45
2020-05-29,9555.52,9440.64,9573.55,9379.93,1.47
2020-05-28,9416.71,9404.83,9568.89,9391.84,-0.27
2020-05-27,9442.05,9366.63,9445.06,9182.45,0.55
2020-05-26,9389.98,9570.53,9570.53,9379.9,-0.26
2020-05-22,9413.99,9363.67,9421.93,9325.07,0.38
2020-05-21,9377.99,9487.63,9515.05,9361.83,-1.13
2020-05-20,9485.02,9415.25,9498.28,9412.83,2.01
2020-05-19,9298.54,9326.28,9422.9,9296.25,-0.36
2020-05-18,9331.93,9281.35,9367.54,9248.78,1.96
2020-05-15,9152.64,8976.29,9157.46,8958.08,0.64
2020-05-14,9094.42,8946.45,9097.75,8860.77,1.05
2020-05-13,9000.08,9123.69,9209.49,8890.16,-1.23
2020-05-12,9112.45,9326.06,9354.45,9109.09,-2.01
2020-05-11,9298.92,9155.21,9346.27,9155.21,0.85
2020-05-08,9220.35,9165.7,9224.49,9126.97,1.3
2020-05-07,9101.88,9104.67,9136.18,9045.23,1.3
2020-05-06,8984.86,8997.02,9065.58,8950.89,0.61
2020-05-05,8930.62,8922.39,9031,8900.57,1.09
2020-05-04,8834.11,8683.94,8840.33,8665.4,1.33
2020-05-01,8718.18,8791.88,8887.58,8688.58,-3.14
2020-04-30,9000.51,9005.24,9023.03,8920.42,0.2
2020-04-29,8982.76,8871.04,9025.82,8832,3.52
2020-04-28,8677.6,8913.28,8918.38,8668.67,-1.81
2020-04-27,8837.66,8865.58,8887.62,8803.89,0.58
2020-04-24,8786.6,8666.57,8791.36,8599.99,1.68
2020-04-23,8641.5,8693.73,8796.49,8624.63,-0.27
2020-04-22,8664.64,8575.57,8708.48,8550.61,3.11
2020-04-21,8403,8639.74,8663.09,8359.84,-3.71
2020-04-20,8726.51,8742.54,8855.18,8725.33,-1.2
2020-04-17,8832.41,8876.66,8879.24,8704.38,0.85
2020-04-16,8757.83,8689.09,8793.35,8605.51,1.93
2020-04-15,8591.96,8548.47,8666.24,8500.56,-1.15
2020-04-14,8692.16,8489.27,8708.55,8470.74,4.31
2020-04-13,8332.74,8209.68,8338.15,8158.58,1.14
2020-04-09,8238.53,8284.31,8334.23,8167.93,0.11
2020-04-08,8229.54,8134.3,8254.41,8058.41,2.24
2020-04-07,8049.31,8287.48,8305.59,8043.07,-0.4
2020-04-06,8081.66,7819.06,8110.66,7763.09,7.35
2020-04-03,7528.11,7631.57,7673.49,7439.78,-1.41
2020-04-02,7635.66,7445.88,7641.86,7432.28,2
2020-04-01,7486.29,7582.78,7701.68,7423.97,-4.19
2020-03-31,7813.5,7855.74,8011.6,7765.45,-0.96
2020-03-30,7889.01,7678.83,7902.09,7651.43,3.96
2020-03-27,7588.37,7657.44,7817.74,7580.22,-3.91
2020-03-26,7897.13,7549.83,7913.11,7549.83,5.72
2020-03-25,7469.61,7543.96,7777.61,7390.41,-1.11
2020-03-24,7553.82,7348.99,7555.91,7304.39,7.81
2020-03-23,7006.92,6952.71,7145.29,6771.91,0.18
2020-03-20,6994.29,7391.22,7487.83,6969.77,-4.04
2020-03-19,7288.52,7190.21,7514.14,7037.47,1.58
2020-03-18,7175.18,7023.86,7336.88,6837.53,-4
2020-03-17,7473.95,7198.53,7550.13,6959.15,6.46
2020-03-16,7020.38,7502.26,7563.45,6993.61,-12.19
2020-03-13,7995.26,7683.04,7998.51,7301.88,10.07
2020-03-12,7263.65,7452.76,7808.31,7255.61,-9.27
2020-03-11,8006.12,8166.26,8224.73,7900.99,-4.37
2020-03-10,8372.26,8213.97,8376.44,7942.13,5.34
2020-03-09,7948.03,7912.14,8241.77,7912.14,-6.83
2020-03-06,8530.34,8395.95,8571.88,8319.9,-1.63
2020-03-05,8671.66,8713.19,8864.19,8613.91,-3.1
2020-03-04,8949.28,8745.64,8952.11,8669.76,4.13
2020-03-03,8594.49,8892.68,9000.46,8516.58,-3.19
2020-03-02,8877.98,8569.91,8879.39,8446.5,4.92
2020-02-28,8461.83,8133.85,8490.47,8133.85,0.3
2020-02-27,8436.67,8632.54,8786.68,8430.53,-4.93
2020-02-26,8873.76,8883.01,9032.88,8813.92,0.44
2020-02-25,8834.86,9167.33,9183.78,8807.1,-2.7
2020-02-24,9079.63,9055.3,9194.91,9028.87,-3.89
2020-02-21,9446.69,9582.54,9594,9406.38,-1.88
2020-02-20,9627.83,9696.66,9714.23,9513.23,-0.94
2020-02-19,9718.73,9683.94,9736.57,9676.07,0.92
2020-02-18,9629.8,9567.27,9647.72,9567.27,0.06
2020-02-14,9623.58,9613.88,9634.75,9583.08,0.29
2020-02-13,9595.7,9540.67,9636.41,9532.74,-0.18
2020-02-12,9613.2,9569.82,9615.91,9552.03,1
2020-02-11,9517.86,9567.82,9600.05,9493.63,0.01
2020-02-10,9516.84,9373.2,9517.74,9373.2,1.23
2020-02-07,9401.1,9397.76,9453.24,9376.91,-0.47
2020-02-06,9445.92,9395.69,9448.72,9357.86,0.84
2020-02-05,9367.48,9441.34,9442.75,9311.88,0.36
2020-02-04,9334.06,9256.94,9352.96,9224.86,2.28
2020-02-03,9126.23,9033.52,9148.5,9031.07,1.5
2020-01-31,8991.51,9169.91,9170.22,8961.59,-1.58
2020-01-30,9136.09,9038.92,9140.69,9019.72,0.38
2020-01-29,9101.61,9141.52,9153.08,9067.29,0.12
2020-01-28,9090.93,9013.23,9111.32,8994.28,1.55
2020-01-27,8952.18,8913.16,9001.44,8910.97,-2.07
2020-01-24,9141.47,9266.35,9272.37,9101.44,-0.82
2020-01-23,9216.98,9186.14,9221.13,9145.23,0.31
2020-01-22,9188.58,9212.35,9242.48,9179.27,0.24
2020-01-21,9166.63,9145.64,9187.42,9141.78,-0.08
2020-01-17,9173.73,9159.48,9176.47,9118.98,0.53
2020-01-16,9125,9088.08,9126.07,9066.31,0.99
2020-01-15,9035.67,9039.31,9078.87,9008.95,0.02
2020-01-14,9033.42,9068.02,9080.16,9020.92,-0.41
2020-01-13,9070.65,9007.94,9071.53,8991.35,1.16
2020-01-10,8966.64,9021.88,9024.87,8951.83,-0.26
2020-01-09,8989.63,8990.04,9004.55,8938.53,0.87
2020-01-08,8912.37,8845.45,8953.55,8834.94,0.75
2020-01-07,8846.45,8857.14,8872.47,8821.68,-0.02
2020-01-06,8848.51,8713.89,8849.98,8713.89,0.62
2020-01-03,8793.9,8755.17,8843.65,8755.17,-0.88
2020-01-02,8872.22,8802.22,8873.63,8786.9,1.59
2019-12-31,8733.07,8681.33,8735.43,8674.38,0.27
2019-12-30,8709.73,8766.39,8768.3,8671.92,-0.7
